/*
 Navicat Premium Data Transfer

 Source Server         : 航天
 Source Server Type    : MySQL
 Source Server Version : 50726
 Source Host           : localhost:3306
 Source Schema         : hangtian

 Target Server Type    : MySQL
 Target Server Version : 50726
 File Encoding         : 65001

 Date: 18/12/2023 21:29:10
*/

SET NAMES utf8mb4;
SET FOREIGN_KEY_CHECKS = 0;

-- ----------------------------
-- Table structure for comments
-- ----------------------------
DROP TABLE IF EXISTS `comments`;
CREATE TABLE `comments`  (
  `id` int(11) NOT NULL AUTO_INCREMENT,
  `text` text CHARACTER SET utf8 COLLATE utf8_general_ci NOT NULL,
  `pub_date` varchar(255) CHARACTER SET utf8 COLLATE utf8_general_ci NOT NULL,
  `forum_id` int(11) NOT NULL,
  `user_id` int(11) NOT NULL,
  `username` varchar(255) CHARACTER SET utf8 COLLATE utf8_general_ci NULL DEFAULT NULL,
  PRIMARY KEY (`id`) USING BTREE
) ENGINE = InnoDB AUTO_INCREMENT = 44 CHARACTER SET = utf8 COLLATE = utf8_general_ci ROW_FORMAT = Dynamic;

-- ----------------------------
-- Records of comments
-- ----------------------------
INSERT INTO `comments` VALUES (1, '不错', '2023-4-11 18:43:57', 7, 4, 'admin');
INSERT INTO `comments` VALUES (5, '122', '2023-4-11 22:59:5', 4, 4, 'admin');
INSERT INTO `comments` VALUES (6, '123', '2023-4-11 22:59:27', 4, 4, 'admin');
INSERT INTO `comments` VALUES (7, '123', '2023-4-11 23:14:27', 4, 4, 'admin');
INSERT INTO `comments` VALUES (8, '545', '2023-4-11 23:16:17', 4, 4, 'admin');
INSERT INTO `comments` VALUES (9, '1234', '2023-4-11 23:20:54', 4, 4, 'admin');
INSERT INTO `comments` VALUES (10, '123', '2023-4-11 23:22:29', 4, 4, 'admin');
INSERT INTO `comments` VALUES (12, '123', '2023-4-14 17:19:15', 8, 4, 'admin');
INSERT INTO `comments` VALUES (13, '123', '2023-4-14 17:19:48', 8, 4, 'admin');
INSERT INTO `comments` VALUES (14, '123', '2023-4-14 17:19:53', 8, 4, 'admin');
INSERT INTO `comments` VALUES (16, '666', '2023-4-15 23:3:45', 20, 4, 'admin');
INSERT INTO `comments` VALUES (19, '此次发射的星箭均由中国航天科技集团有限公司八院抓总研制。风云三号G星是风云气象卫星连续成功发射的第20颗卫星，搭载了降水测量雷达、微波成像仪、中分辨率光谱成像仪等业务载荷，主要用于灾害性天气系统强降水监测，可提供全球中低纬度地区降水三维结构信息，提升降水要素探测性能，提高降水气象预报准确率。卫星发射后将填补国内降水三维立体层析探测数据空白。', '2023-4-20 23:23:21', 22, 5, '曙光');
INSERT INTO `comments` VALUES (20, '真好', '2023-4-25 0:6:29', 26, 14, '测试账户');
INSERT INTO `comments` VALUES (22, '000', '2023-4-25 21:10:32', 29, 5, '曙光');
INSERT INTO `comments` VALUES (23, '123', '2023-4-29 23:8:59', 31, 5, '曙光');
INSERT INTO `comments` VALUES (24, '123', '2023-5-1 22:35:16', 20, 4, 'admin');
INSERT INTO `comments` VALUES (25, '123', '2023-06-04 03:08:12.689359', 7, 3, NULL);
INSERT INTO `comments` VALUES (26, '测试', '2023-06-04 12:51:12.894199', 7, 3, NULL);
INSERT INTO `comments` VALUES (27, '哈哈', '2023-06-04 12:54:35.644233', 7, 3, NULL);
INSERT INTO `comments` VALUES (28, '哈哈', '2023-06-04 12:54:40.467808', 7, 3, NULL);
INSERT INTO `comments` VALUES (29, '测试', '2023-06-04 13:23:26.870900', 19, 3, NULL);
INSERT INTO `comments` VALUES (30, '厉害', '2023-06-04 22:04:19.671357', 7, 5, NULL);
INSERT INTO `comments` VALUES (31, '123', '2023-06-04 22:06:01.616740', 7, 5, NULL);
INSERT INTO `comments` VALUES (32, '123', '2023-06-04 22:07:22.270316', 7, 5, '默认用户');
INSERT INTO `comments` VALUES (34, '123', '2023-06-11 13:53:28.420874', 41, 3, '默认用户');
INSERT INTO `comments` VALUES (35, '不错太棒了，django', '2023-06-11 16:38:44.490696', 7, 6, '默认用户');
INSERT INTO `comments` VALUES (36, 'l6666', '2023-06-11 16:39:07.260538', 20, 6, '默认用户');
INSERT INTO `comments` VALUES (37, '张增煊最帅', '2023-06-11 16:40:18.463672', 42, 6, '666');
INSERT INTO `comments` VALUES (38, '', '2023-12-17 15:56:09', 7, 1, '曙光');
INSERT INTO `comments` VALUES (39, '张增煊最帅', '2023-12-17 15:56:28', 7, 1, '曙光');
INSERT INTO `comments` VALUES (40, '张曾煊最帅', '2023-12-17 15:56:52', 8, 1, '曙光');
INSERT INTO `comments` VALUES (41, '傻逼', '2023-12-17 16:06:06', 44, 1, '曙光');
INSERT INTO `comments` VALUES (42, '556666', '2023-12-17 18:09:43', 20, 3, '666');
INSERT INTO `comments` VALUES (43, '11111111', '2023-12-17 19:28:16', 7, 3, '666');

-- ----------------------------
-- Table structure for forum
-- ----------------------------
DROP TABLE IF EXISTS `forum`;
CREATE TABLE `forum`  (
  `id` int(11) NOT NULL AUTO_INCREMENT,
  `content` text CHARACTER SET utf8 COLLATE utf8_general_ci NOT NULL,
  `pub_date` varchar(255) CHARACTER SET utf8 COLLATE utf8_general_ci NOT NULL,
  `user_id` int(11) NOT NULL,
  `username` varchar(255) CHARACTER SET utf8 COLLATE utf8_general_ci NOT NULL,
  PRIMARY KEY (`id`) USING BTREE
) ENGINE = InnoDB AUTO_INCREMENT = 47 CHARACTER SET = utf8 COLLATE = utf8_general_ci ROW_FORMAT = Dynamic;

-- ----------------------------
-- Records of forum
-- ----------------------------
INSERT INTO `forum` VALUES (7, '新时代航天发展', '2023-4-11 16:59:44', 1, 'admin');
INSERT INTO `forum` VALUES (8, '新时代航天发展123', '2023-4-11 19:49:35', 1, 'admin');
INSERT INTO `forum` VALUES (18, '测试', '2023-4-11 19:49:35', 1, 'admin');
INSERT INTO `forum` VALUES (19, '中新社北京4月16日电 4月16日9时36分，长征四号乙运载火箭在酒泉卫星发射中心点火升空，成功将中国首颗降水测量专用卫星风云三号G星(又称“风云三号07星”)送入预定轨道，发射任务取得圆满成功。', '2023-4-11 19:49:35', 3, 'admin');
INSERT INTO `forum` VALUES (20, '风云3号气象卫星是什么<img src=\"https://img0.baidu.com/it/u=1900264507,3320841941&fm=253&fmt=auto&app=120&f=JPEG?w=608&h=342\">', '2023-4-12 19:49:35', 3, 'admin');
INSERT INTO `forum` VALUES (22, '<p>我国发射的风云3号气象卫星有什么意义<img src=\"https://inews.gtimg.com/om_bt/ODPKliOJZ9qONJrX3flfZq7YJ6Z7-hKVRIo-UYzK-L0O8AA/1000\" alt=\"\" width=\"700\" height=\"466\" /></p>', '2023-4-16 19:34:26', 2, '测试账户');
INSERT INTO `forum` VALUES (25, '<p>测试</p>', '2023-4-22 20:1:39', 2, '曙光');
INSERT INTO `forum` VALUES (31, '<p>123</p>', '2023-4-29 23:8:42', 2, '曙光');
INSERT INTO `forum` VALUES (32, '<p>哈哈哈6月</p>', '2023-06-04 13:47:12.300325', 3, '张增煊');
INSERT INTO `forum` VALUES (37, '风云3号气象卫星是什么<img src=\"https://img0.baidu.com/it/u=1900264507,3320841941&fm=253&fmt=auto&app=120&f=JPEG?w=608&h=342\">', '2023-06-04 14:20:48.494027', 3, '张增煊');
INSERT INTO `forum` VALUES (38, '<p>哈哈哈</p>', '2023-06-04 22:03:56.903150', 5, '默认用户');
INSERT INTO `forum` VALUES (40, '新时代航天发展', '2023-06-11 13:52:33.516234', 3, '12345');
INSERT INTO `forum` VALUES (41, '<p>123</p>', '2023-06-11 13:53:14.430589', 3, '默认用户');
INSERT INTO `forum` VALUES (42, '<p>张增煊最帅</p>', '2023-06-11 16:40:00.786365', 6, '666');
INSERT INTO `forum` VALUES (43, '<p>张增煊最帅</p>', '2023-06-11 16:40:26.257537', 6, '666');
INSERT INTO `forum` VALUES (44, '<p>张增煊我爱你</p>', '2023-12-17 16:05:53', 1, '曙光');
INSERT INTO `forum` VALUES (45, '风云3号气象卫星是什么<img src=\"https://img0.baidu.com/it/u=1900264507,3320841941&fm=253&fmt=auto&app=120&f=JPEG?w=608&h=342\">', '2023-12-17 16:31:09', 3, '666');
INSERT INTO `forum` VALUES (46, '<p>孙赫真帅</p>', '2023-12-18 21:19:47', 8, '123');

-- ----------------------------
-- Table structure for likes
-- ----------------------------
DROP TABLE IF EXISTS `likes`;
CREATE TABLE `likes`  (
  `id` int(11) NOT NULL AUTO_INCREMENT,
  `forum_id` int(11) NOT NULL COMMENT '文章id',
  `user_id` int(11) NOT NULL COMMENT '用户id',
  `status` tinyint(1) NOT NULL DEFAULT 0 COMMENT '点赞状态，0表示为点赞，1表示已点赞',
  PRIMARY KEY (`id`) USING BTREE
) ENGINE = InnoDB AUTO_INCREMENT = 102 CHARACTER SET = utf8 COLLATE = utf8_general_ci ROW_FORMAT = Dynamic;

-- ----------------------------
-- Records of likes
-- ----------------------------
INSERT INTO `likes` VALUES (2, 7, 4, 0);
INSERT INTO `likes` VALUES (7, 7, 4, 1);
INSERT INTO `likes` VALUES (17, 12, 4, 1);
INSERT INTO `likes` VALUES (19, 22, 4, 1);
INSERT INTO `likes` VALUES (20, 24, 4, 1);
INSERT INTO `likes` VALUES (26, 22, 7, 1);
INSERT INTO `likes` VALUES (29, 25, 14, 1);
INSERT INTO `likes` VALUES (31, 26, 14, 1);
INSERT INTO `likes` VALUES (32, 27, 15, 1);
INSERT INTO `likes` VALUES (33, 22, 5, 1);
INSERT INTO `likes` VALUES (35, 29, 5, 1);
INSERT INTO `likes` VALUES (37, 31, 5, 1);
INSERT INTO `likes` VALUES (38, 20, 4, 1);
INSERT INTO `likes` VALUES (39, 7, 5, 1);
INSERT INTO `likes` VALUES (40, 7, 5, 1);
INSERT INTO `likes` VALUES (41, 7, 5, 1);
INSERT INTO `likes` VALUES (42, 7, 5, 1);
INSERT INTO `likes` VALUES (43, 7, 5, 1);
INSERT INTO `likes` VALUES (44, 7, 5, 1);
INSERT INTO `likes` VALUES (45, 7, 5, 1);
INSERT INTO `likes` VALUES (46, 7, 5, 1);
INSERT INTO `likes` VALUES (47, 7, 5, 1);
INSERT INTO `likes` VALUES (48, 7, 5, 1);
INSERT INTO `likes` VALUES (49, 7, 5, 1);
INSERT INTO `likes` VALUES (50, 7, 5, 1);
INSERT INTO `likes` VALUES (51, 7, 5, 1);
INSERT INTO `likes` VALUES (52, 8, 3, 1);
INSERT INTO `likes` VALUES (53, 18, 3, 1);
INSERT INTO `likes` VALUES (54, 19, 3, 0);
INSERT INTO `likes` VALUES (55, 20, 5, 0);
INSERT INTO `likes` VALUES (56, 39, 5, 0);
INSERT INTO `likes` VALUES (57, 41, 3, 0);
INSERT INTO `likes` VALUES (59, 20, 6, 0);
INSERT INTO `likes` VALUES (60, 42, 6, 0);
INSERT INTO `likes` VALUES (63, 20, 3, 0);
INSERT INTO `likes` VALUES (64, 7, 3, 0);
INSERT INTO `likes` VALUES (89, 7, 6, 0);
INSERT INTO `likes` VALUES (94, 8, 8, 1);
INSERT INTO `likes` VALUES (95, 7, 8, 1);
INSERT INTO `likes` VALUES (98, 40, 8, 1);
INSERT INTO `likes` VALUES (100, 20, 8, 1);
INSERT INTO `likes` VALUES (101, 41, 8, 1);

-- ----------------------------
-- Table structure for news
-- ----------------------------
DROP TABLE IF EXISTS `news`;
CREATE TABLE `news`  (
  `id` int(11) NOT NULL AUTO_INCREMENT,
  `fenlei` varchar(255) CHARACTER SET utf8 COLLATE utf8_general_ci NOT NULL DEFAULT '',
  `title` varchar(255) CHARACTER SET utf8 COLLATE utf8_general_ci NOT NULL,
  `cover_img` text CHARACTER SET utf8 COLLATE utf8_general_ci NULL,
  `content` text CHARACTER SET utf8 COLLATE utf8_general_ci NOT NULL,
  `pub_date` varchar(255) CHARACTER SET utf8 COLLATE utf8_general_ci NOT NULL,
  PRIMARY KEY (`id`) USING BTREE
) ENGINE = InnoDB AUTO_INCREMENT = 51 CHARACTER SET = utf8 COLLATE = utf8_general_ci ROW_FORMAT = Dynamic;

-- ----------------------------
-- Records of news
-- ----------------------------
INSERT INTO `news` VALUES (2, '分类1', '今日太空实验室｜来，教你变个硬核魔术', 'http://www.cmse.gov.cn/xwzx/202304//W020230410779297175506.jpg', '<img fromphoto=\"1\" border=\"0\" photodocid=\"53256\" src=\"http://www.cmse.gov.cn/xwzx/202304//W020230410779368183081.jpg\" alt=\"\" OLDSRC=\"W020230410779368183081.jpg\" /></div>\n<div style=\"text-align: center;\">无容器材料实验柜的大致位置</div>\n<div style=\"text-align: center;\"><img fromphoto=\"1\" border=\"0\" photodocid=\"53255\" src=\"http://www.cmse.gov.cn/xwzx/202304//W020230410779363693208.jpg\" alt=\"\" OLDSRC=\"W020230410779363693208.jpg\" /></div>\n<div style=\"text-align: center;\">无容器材料实验柜</div>\n<div> </div>\n<div>在空间站首个舱段发射前，科学家们就“迫不及待”地将这个实验柜安置在核心舱内的“天花板”上，想要在太空验证一下。</div>\n<div style=\"text-align: center;\"><img fromphoto=\"1\" border=\"0\" photodocid=\"53254\" src=\"http://www.cmse.gov.cn/xwzx/202304//W020230410779357798058.png\" alt=\"\" OLDSRC=\"W020230410779357798058.png\" /></div>\n<div style=\"text-align: center;\">天和核心舱模型内部展示的无容器材料实验柜</div>\n<div style=\"text-align: center;\"> </div>\n<div>不过，这倒不是为了应用于烹饪，而是加工一些新型材料，这些材料将用于推动各个行业发展进步。</div>\n<div>具体怎么操作呢？</div>\n<div>我们先使用激光对悬浮在微重力环境中的样品进行加热，将其熔化。</div>\n<div style=\"text-align: center;\"><img fromphoto=\"1\" border=\"0\" photodocid=\"53253\" src=\"http://www.cmse.gov.cn/xwzx/202304//W020230410779344001641.png\" alt=\"\" OLDSRC=\"W020230410779344001641.png\" /></div>\n<div style=\"text-align: center;\">加热熔化前的材料样品</div>\n<div> </div>\n<div>接着，通过调整激光功率和加热时间，使熔体达到适当的温度和熔化程度。</div>\n<div style=\"text-align: center;\"><img fromphoto=\"1\" border=\"0\" photodocid=\"53252\" src=\"http://www.cmse.gov.cn/xwzx/202304//W020230410779330469104.png\" alt=\"\" OLDSRC=\"W020230410779330469104.png\" /></div>\n<div style=\"text-align: center;\">加热熔化后的材料样品</div>\n<div> </div>\n<div>随后，我们迅速将样品冷却至凝固点以下，使其进入深过冷状态，从而获得高质量的材料。</div>\n<div style=\"text-align: center;\"><img fromphoto=\"1\" border=\"0\" photodocid=\"53251\" src=\"http://www.cmse.gov.cn/xwzx/202304//W020230410779306295140.png\" alt=\"\" OLDSRC=\"W020230410779306295140.png\" /></div>\n<div style=\"text-align: center;\">冷却凝固后的材料样品</div>\n<div>重点来了，科学家想要观察的是，材料在熔化状态下，它的表面张力和粘度如何？材料在迅速冷却的过程中，它的密度会怎样变化？</div>\n<div>无容器加工方式可以避免与容器壁接触，消除接触污染，利于实现深过冷凝固，非接触也适用于高温高活性合金熔体、宽广温度范围的热物性测量。微重力下浮力对流极大减弱、密度沉降基本消失，干扰减少、微重力时间长，非常有利于凝固组织和相关物理机制的研究。</div>\n<div>可以说，造福强迫症患者的同时，让科学家们获得了制造新型材料的重要启发。</div>\n<div> </div>\n<div style=\"text-align: center;\"><b>02 深过冷技术</b></div>\n<div>此类实验也得益于科学家前期发现的一个特殊现象：深过冷。它描述的是，液体在温度低于其凝固点的情况下仍然保持液态状态。</div>\n<div>例如，在通常的环境下，水在零度会结成冰，但在过冷的情况下，水在零度以下仍然可以保持为液态。</div>\n<div style=\"text-align: center;\"><img fromphoto=\"1\" border=\"0\" photodocid=\"53250\" src=\"http://www.cmse.gov.cn/xwzx/202304//W020230410779297175506.jpg\" alt=\"\" OLDSRC=\"W020230410779297175506.jpg\" /></div>\n<div>在深过冷的状态下，液体具有很大的过冷度，也就是实际的凝固温度距离其理论凝固温度的温度差非常大。在没有杂质晶核的均匀液体和高温熔体中，深度过冷状态相对容易实现。</div>\n<div>打个比方，玻璃的形成就是一种典型的深过冷凝固过程。</div>\n<div style=\"text-align: center;\"><img fromphoto=\"1\" border=\"0\" photodocid=\"53249\" src=\"http://www.cmse.gov.cn/xwzx/202304//W020230410779294733922.jpg\" alt=\"\" OLDSRC=\"W020230410779294733922.jpg\" /></div>\n<div>在玻璃形成中，物质被迅速冷却至低于其玻璃转变温度的温度范围。</div>\n<div>这使得物质处于一种深度过冷状态，在此状态下，原子没有足够的时间和机会形成有序的结晶结构，而形成了一种非晶态的结构，即玻璃。</div>\n<div>深过冷还可以制备其他具有特殊结构和性质的材料，如金属玻璃、纳米晶体材料等。</div>\n<div>此外，在科学研究中，深过冷技术也是一个非常有用的工具。</div>\n<div>例如研究非平衡凝固的相变热力学和动力学行为以及熔体的热物性等。</div>\n<div>在工业应用方面，深过冷技术还可以用于制造高精度光学和高性能的电子材料等。</div>\n<div>总之，深过冷技术的应用潜力非常广阔，将会在许多领域中发挥重要作用。</div>\n<div>空间无容器实验装置“微重力+深过冷”特性，有效解决了高温熔体快速凝固和热物性测量面临着难熔、活性高、过冷小的挑战，为研究多相竞争机制、凝固过冷度控制、凝固路径与相组成调控提供了理想的实验研究环境。</div>\n<div> </div>\n<div style=\"text-align: center;\"><b>03 应用前景广阔</b></div>\n<div>这些在轨科学实验样品非常宝贵，需要请航天员帮忙带回地面，交给科学家们继续分析研究。空间站里的第一批无容器材料实验柜在轨科学实验样品就由神舟十二号航天员乘组随返回舱带回了地面，引起科学家们的高度关注。截至去年年底，第三批在轨实验样品也已经下行，科学家们根据分析研究，在国际学术期刊发表了多篇论文。</div>\n<div style=\"text-align: center;\"><img src=\"./W020230410788192158268.gif\" style=\"border-width: 0px;\" alt=\"\" OLDSRC=\"W020230410788192158268.gif\" /></div>\n<div style=\"text-align: center;\">神舟十二号乘组航天员正在操作实验柜</div>\n<div>目前，通过无容器材料实验柜进行加工的实验样品包括了新型金属合金，可以用于新一代航空发动机叶片，能够极大地保障我们在飞行中的安全；</div>\n<div style=\"text-align: center;\"><img fromphoto=\"1\" border=\"0\" photodocid=\"53248\" src=\"http://www.cmse.gov.cn/xwzx/202304//W020230410779291884135.jpg\" alt=\"\" OLDSRC=\"W020230410779291884135.jpg\" /></div>\n<div>新型特种功能材料，例如，与钻石折射率相近的镧钛玻璃，能够大大提升相机分辨率，帮助人们更加清晰地记录这个世界；</div>\n<div style=\"text-align: center;\"><img fromphoto=\"1\" border=\"0\" photodocid=\"53257\" src=\"http://www.cmse.gov.cn/xwzx/202304//W020230410779605842476.jpg\" alt=\"\" OLDSRC=\"W020230410779605842476.jpg\" /></div>\n<div>半导体光电子材料，如激光器晶体YAG，广泛用于工业、医疗、科研、通讯和军事等领域。</div>\n<div>也许，在不远的将来，这些新型材料的研制与应用能够颠覆性的改善和提高我们的生活质量。你看，这个不经意间产生的想法，多么珍贵。同时，也再一次告诉我们，保持细心和好奇有多么重要。</div>\n<div>我们平常难以观察到的现象，竟是如此神奇。“太空悬浮术”这门绝技，你是不是已经学会了呢？</div>\n<div> </div>\n<div>\n    <div>素材支持/中国科学院空间应用工程与技术中心</div>\n    <div>文/张立宪、吴馥桐</div>\n</div>\n</div>\n<div class=\"pageSource_all\">（责任编辑：郝祎咛）</div>\n</div>\"  class=\"layui-textarea\" style=\"width:100%;height:400px\">\"  class=\"layui-textarea\" style=\"width:100%;height:400px\">', '2023-4-19 22:17:15');
INSERT INTO `news` VALUES (3, '分类1', '春种 | “太空种菜”有什么不一样？', 'http://www.cmse.gov.cn/xwzx/202304/W020230406506533064321.jpg', '<div class=\"article\" id=\"dochtmlcon\" style=\"display:block\">\r\n    <div class=TRS_Editor>\r\n        <div>春天，万物初萌、生机勃勃，那一抹绿象征着希望和未来。你知道吗？“种菜”不仅仅是在田间巷陌，也曾出现在“天宫二号”，到了神舟十四号任务期间，航天员在“太空之家”种植的生菜还丰富了航天员的在轨食谱。太空种植植物有何难点？航天员又是如何浇水施肥的呢？今天我们一同了解。</div>\r\n        <div style=\"text-align: center;\"><img fromphoto=\"1\" border=\"0\" photodocid=\"53240\" src=\"http://www.cmse.gov.cn/xwzx/202304/W020230406506543039871.jpg\" alt=\"\" oldsrc=\"W020230406506543039871.jpg\" /></div>\r\n        <div style=\"text-align: center;\">\r\n            <font size=\"2\">航天员蔡旭哲同地面人员分享生菜生长情况</font>\r\n        </div>\r\n        <div>&nbsp;</div>\r\n        <div>&nbsp;</div>\r\n        <div style=\"text-align: center;\"><b>一、太空种植植物的目的</b></div>\r\n        <div>太空种植植物，主要有以下三个目的：</div>\r\n        <div>一是利用空间实验室平台，研究太空微重力等特殊环境对植物生长发育、生理生化等方面的影响。</div>\r\n        <div>二是为航天员提供食物、氧气和水。植物可通过光合作用吸收航天员产生的二氧化碳，生产氧气，可一定程度上净化密闭舱室环境，获得清新的空气；生产食物，为航天员提供新鲜蔬菜水果，补充维生素和膳食纤维，丰富航天员食谱；此外，通过植物的蒸腾作用，还可实现密闭系统内水的净化，为航天员补充纯净的水。植物的这种生产功能对建立自给自足、高物质闭合度的地外生命保障系统具有非常重要的作用，可大大降低长期载人飞行任务的后勤物资供应成本，科研人员已开展以植物为核心部件的地外生命保障系统研究工作。</div>\r\n        <div>三是植物可为航天员提供绿色鲜活的环境，通过照料植物可以缓解航天员压力，正向调节航天员心理情绪。</div>\r\n        <div style=\"text-align: center;\"><img fromphoto=\"1\" border=\"0\" photodocid=\"53239\" src=\"http://www.cmse.gov.cn/xwzx/202304/W020230406506538054131.png\" alt=\"\" oldsrc=\"W020230406506538054131.png\" /></div>\r\n        <div style=\"text-align: center;\">\r\n            <font size=\"2\">航天员蔡旭哲给植物浇水</font>\r\n        </div>\r\n        <div>&nbsp;</div>\r\n        <div>&nbsp;</div>\r\n        <div style=\"text-align: center;\"><b>二、太空“种菜”有何难点</b></div>\r\n        <div>太空微重力环境下种植植物有何难点？在神舟十四号航天员乘组返回75天后首次公开亮相的记者见面会上，航天员蔡旭哲就曾和大家分享在太空培育蔬菜与地面培育的不同：“我觉得最大的不一样就是浇水比较困难，在失重环境下，水停留在根系表面，不容易深入植物根层。”</div>\r\n        <div>我们知道，植物正常生长必须具备适宜的光照、水分、养分（土壤）、温度和空气（气体）等环境条件。太空微重力环境下，水分养分传导和气体交换等特性与地面1G重力环境不一样。太空微重力环境会造成在植物根系周围形成一个边界层，水/气无法自动分离，植物必须依赖外力才能与周围环境进行正常物质交换。如果植物根部水分运动控制不好，极易造成根部水分过多而根系缺氧，或者水分过少而根系缺水。太空微重力条件下的水分供应是否合理将直接影响植物生长介质中的水分、氧气分布情况，进而影响到植物根系水分吸收和根系呼吸，也会影响矿质养分的流动与供给，最终影响到植物的正常生长。因此，微重力条件下的水分养分供给技术是空间植物栽培的关键。</div>\r\n        <div style=\"text-align: center;\"><img fromphoto=\"1\" border=\"0\" photodocid=\"53238\" src=\"http://www.cmse.gov.cn/xwzx/202304/W020230406506533064321.jpg\" alt=\"\" oldsrc=\"W020230406506533064321.jpg\" /></div>\r\n        <div style=\"text-align: center;\">\r\n            <font size=\"2\">“神十四”任务期间生菜在轨生长情况</font>\r\n        </div>\r\n        <div>&nbsp;</div>\r\n        <div>&nbsp;</div>\r\n        <div style=\"text-align: center;\"><b>三、如何实现太空“种菜”</b></div>\r\n        <div>为解决微重力条件下的水分养分供给问题，科技工作者们开展了大量的研究工作。从研究的结果来看，利用人工基质进行培养是太空植物培养的主要方式，水分的运动主要依靠基质颗粒的毛细作用力来进行。栽培基质的选择从早期的离子交换树脂、固态化琼脂，到后来的岩棉、蛭石、蒙脱石、P土、人工烧结的陶粒等，并围绕这些基质材料，研发了多种太空植物培养水分养分供应系统，应用到不同类型的太空植物栽培装置中，进行太空植物培养。</div>\r\n        <div>我国科研人员针对太空植物培养，也开展了大量研究工作。</div>\r\n        <div style=\"text-align: center;\"><img fromphoto=\"1\" border=\"0\" photodocid=\"53237\" src=\"http://www.cmse.gov.cn/xwzx/202304/W020230406506529777662.jpg\" alt=\"\" oldsrc=\"W020230406506529777662.jpg\" /></div>\r\n        <div style=\"text-align: center;\">\r\n            <font size=\"2\">在“天宫二号”种菜时使用的基质材料</font>\r\n        </div>\r\n        <div>&nbsp;</div>\r\n        <div>&nbsp;</div>\r\n        <div style=\"text-align: center;\"><b>（一）天宫二号空间实验室阶段</b></div>\r\n        <div>中国航天员科研训练中心研发了空间植物培养装置，并于2016年在“天宫二号”成功进行了生菜的在轨培养试验。这次是我国首次在太空人工栽培蔬菜，当时并没有让航天员在轨食用，而是将植物采样带回进行生物安全性检测。</div>\r\n        <div style=\"text-align: center;\"><img fromphoto=\"1\" border=\"0\" photodocid=\"53236\" src=\"http://www.cmse.gov.cn/xwzx/202304/W020230406506526933109.jpg\" alt=\"\" oldsrc=\"W020230406506526933109.jpg\" /></div>\r\n        <div style=\"text-align: center;\">\r\n            <font size=\"2\">航天员景海鹏在“天宫二号”进行生菜培养试验</font>\r\n        </div>\r\n        <div style=\"text-align: center;\">&nbsp;</div>\r\n        <div style=\"text-align: center;\"><img src=\"http://www.cmse.gov.cn/xwzx/202304/W020230406521570642452.gif\" style=\"border-width: 0px;\" alt=\"\" oldsrc=\"W020230406521570642452.gif\" /></div>\r\n        <div style=\"text-align: center;\">\r\n            <font size=\"2\">航天员陈冬在“天宫二号”介绍太空中的植物栽培情况</font>\r\n        </div>\r\n        <div style=\"text-align: center;\">&nbsp;</div>\r\n        <div>&nbsp;</div>\r\n        <div style=\"text-align: center;\"><b>（二）空间站阶段</b></div>\r\n        <div>随着中国空间站进入常态化运营，航天员在轨工作生活长达半年之久，对新鲜蔬菜，以及太空绿色鲜活环境的需求增加，植物种植的面积和数量将会越来越大。</div>\r\n        <div style=\"text-align: left;\"><b>植物栽培基质“新升级”</b></div>\r\n        <div>在新的情况下，对植物培养过程中产生的各种废物（如根系、枯枝残叶、废弃基质等）的处理，成为了科研人员需要解决的问题。</div>\r\n        <div>目前太空植物栽培采用的栽培基质大多为细小颗粒状，尽管采用了特殊的防护措施，但还是避免不了植物栽培过程中有颗粒状基质脱落并漂浮在舱内，给航天员制造了不少麻烦。为此，科研人员在开展废弃物处理与植物培养再利用的相关研究基础上，设计了一种可生物降解、能重复利用的植物栽培基质，这种基质以块状结构形式存在，不会脱落碎屑，而且具备良好的通气、保肥和导水性能。</div>\r\n        <div>此外，科研人员还根据植物生长对矿质养分的需求特性规律预先在材料中添加了一定量的缓释肥料，这样就不需要在植物生长过程中再进行添加肥料等操作，可大大降低太空植物栽培管理的复杂性，也较好地解决了太空环境下植物栽培过程中根系的水分供给、养分供给和通气等技术难题。</div>\r\n        <div style=\"text-align: center;\"><img fromphoto=\"1\" border=\"0\" photodocid=\"53235\" src=\"http://www.cmse.gov.cn/xwzx/202304/W020230406506523560258.png\" alt=\"\" oldsrc=\"W020230406506523560258.png\" /></div>\r\n        <div style=\"text-align: center;\">\r\n            <font size=\"2\">“天宫课堂”中展示的“太空菜园”</font>\r\n        </div>\r\n        <div>&nbsp;</div>\r\n        <div><b>植物栽培装置“新设计”</b></div>\r\n        <div>中国航天员科研训练中心科研人员基于“新升级”的栽培基质，设计了一种模块化的简易太空植物栽培装置，采用开放式结构，摆脱了此前使用的“大装置”形式，航天员可以与植物随时亲密接触。植物生长所需要二氧化碳、温湿度和氧气等气体环境，和舱内航天员基本一致，植物种植操作简单，便于照料。航天员还可按个人喜好将该装置任意摆放在舱内有光照的地方，为自己的工作生活环境增添一抹绿意，还能呼吸植物释放的新鲜氧气，起到心理调剂作用。</div>\r\n        <div style=\"text-align: center;\"><img fromphoto=\"1\" border=\"0\" photodocid=\"53234\" src=\"http://www.cmse.gov.cn/xwzx/202304/W020230406506519844440.jpg\" alt=\"\" oldsrc=\"W020230406506519844440.jpg\" /></div>\r\n        <div style=\"text-align: center;\">\r\n            <font size=\"2\">问天舱里生长的小麦</font>\r\n        </div>\r\n        <div>&nbsp;</div>\r\n        <div>神舟十四号航天员乘组在轨期间，利用该装置成功栽培了生菜、小麦和矮杆番茄等植物，验证了利用这种“新”栽培基质的空间植物培养技术。尽管该装置没有专门配备植物光照系统，仅仅利用舱内照明光源，但种植的三种植物都完成了发芽、生长发育等过程。神舟十四号航天员乘组还收获了新鲜生菜，首次实现了在轨食用。</div>\r\n        <div style=\"text-align: center;\"><img fromphoto=\"1\" border=\"0\" photodocid=\"53233\" src=\"http://www.cmse.gov.cn/xwzx/202304/W020230406506516062754.jpg\" alt=\"\" oldsrc=\"W020230406506516062754.jpg\" /></div>\r\n        <div style=\"text-align: center;\">\r\n            <font size=\"2\">矮杆番茄在轨生长情况</font>\r\n        </div>\r\n        <div>&nbsp;</div>\r\n        <div style=\"text-align: center;\"><img src=\"http://www.cmse.gov.cn/xwzx/202304/W020230406521570717830.gif\" style=\"border-width: 0px;\" alt=\"\" oldsrc=\"W020230406521570717830.gif\" /></div>\r\n        <div style=\"text-align: center;\">\r\n            <font size=\"2\">2022年中秋节“神十四”乘组食用在轨种植的生菜</font>\r\n        </div>\r\n        <div>&nbsp;</div>\r\n        <div>&nbsp;</div>\r\n        <div>“天宫种菜梦”已经实现。目前，科研人员正基于“神十四”任务试验结果，抓紧研制功能更加强大的太空植物栽培装备，以便为航天员提供更多的鲜食蔬菜水果。期待在不久的将来，航天员能在空间站上种植收获更加多样化的蔬菜水果，丰富在轨食谱。</div>\r\n        <div>未来，期待更多的“绿色”丰富“太空菜园”！</div>\r\n        <div>&nbsp;</div>\r\n        <div>作者/艾为党 中国航天员科研训练中心</div>\r\n    </div>\r\n    <div class=\"pageSource_all\">（责任编辑：郝祎咛）</div>\r\n</div>', '2023-4-10');
INSERT INTO `news` VALUES (4, '分类1', '今日太空实验室｜“太空抽屉”里面有什么？', 'http://www.cmse.gov.cn/xwzx/202304/W020230403796536730011.png', '<div class=\"article\" id=\"dochtmlcon\" style=\"display:block\">\r\n    <div class=TRS_Editor>\r\n        <div>目前，中国空间站已全面建成，工程转入应用与发展阶段。作为中国航天史上规模最大、长期有人照料的空间实验平台，建成后的中国空间站成为国家太空实验室，三舱部署的多个实验柜可开展上千项科学实验，惠及地球上普通人的生活。</div>\r\n        <div>中国载人航天官方平台开设“今日太空实验室”科普专栏，为你生动介绍国家太空实验室中的各个实验柜，满足你对太空中开展的各项科学实验和技术试验的好奇心。</div>\r\n        <div>&nbsp;</div>\r\n        <div style=\"text-align: center;\"><b>01 航天基础试验机柜</b></div>\r\n        <div style=\"text-align: left;\">\r\n            <div>今天，我们一起聊聊航天基础试验机柜。</div>\r\n            <div>空间站各舱段内的四面都装有实验柜，它位于梦天实验舱靠近节点舱的一端，航天员的“脚下”。</div>\r\n        </div>\r\n        <div style=\"text-align: center;\">&nbsp;</div>\r\n        <div style=\"text-align: center;\"><img fromphoto=\"1\" border=\"0\" photodocid=\"53215\" src=\"http://www.cmse.gov.cn/xwzx/202304/W020230403796564624226.jpg\" style=\"text-align: center; font-size: 12pt;\" alt=\"\" OLDSRC=\"W020230403796564624226.jpg\" /></div>\r\n        <div style=\"text-align: center;\">\r\n            <font size=\"2\">▲航天基础试验机柜在中国空间站的大致位置</font>\r\n        </div>\r\n        <div>从外形来看，航天基础试验机柜由多个大小不一的“太空抽屉”（载荷单元）组成，每个抽屉还配有把手，整体仿佛是一个多功能收纳柜，很有辨识度。</div>\r\n        <div style=\"text-align: center;\"><img fromphoto=\"1\" border=\"0\" photodocid=\"53214\" src=\"http://www.cmse.gov.cn/xwzx/202304/W020230403796560371652.jpg\" alt=\"\" OLDSRC=\"W020230403796560371652.jpg\" /></div>\r\n        <div style=\"text-align: center;\">\r\n            <font size=\"2\">▲航天基础试验机柜（左） 普通收纳柜（右）</font>\r\n        </div>\r\n        <div>航天基础试验机柜身处微重力等特殊研究环境中，能够用于支持开展舱内的各项技术试验，针对制约我国航天长远发展的关键技术开展一系列研究，为未来我国航天技术发展和空间应用提供有力的技术支撑。</div>\r\n        <div>可以说，航天基础试验机柜就像是哆啦A梦的口袋，每个“太空抽屉”里的试验项目都各不相同。</div>\r\n        <div>近日，其中一个“太空抽屉”里完成了一件大事，斯特林热电转换技术完成在轨验证，再次解锁一项“我国首次”。</div>\r\n        <div style=\"text-align: center;\"><img fromphoto=\"1\" border=\"0\" photodocid=\"53213\" src=\"http://www.cmse.gov.cn/xwzx/202304/W020230403796553878257.png\" alt=\"\" OLDSRC=\"W020230403796553878257.png\" /></div>\r\n        <div style=\"text-align: center;\">\r\n            <font size=\"2\">▲斯特林热电转换试验装置</font>\r\n        </div>\r\n        <div>&nbsp;</div>\r\n        <div style=\"text-align: center;\"><b>02 斯特林热电转换试验装置</b></div>\r\n        <div>&nbsp;</div>\r\n        <div><b>是啥？什么原理？</b></div>\r\n        <div>斯特林热电转换试验装置位于机柜的左下角，它是一种外燃式发电机，能将热能转化为电能，有合适的温差就能工作。200多年前，由英国科学家罗巴特·斯特林发明了斯特林发电机。工作原理既古老又简单，可以从“热胀冷缩”这个词中理解。</div>\r\n        <div style=\"text-align: center;\"><img fromphoto=\"1\" border=\"0\" photodocid=\"53212\" src=\"http://www.cmse.gov.cn/xwzx/202304/W020230403796546579124.jpg\" alt=\"\" OLDSRC=\"W020230403796546579124.jpg\" /></div>\r\n        <div style=\"text-align: center;\">\r\n            <font size=\"2\">▲斯特林热电转换试验装置位置</font>\r\n        </div>\r\n        <div>通过外部加热，机器内部的氦气便会吸热膨胀，并在冷端收缩，将温差变成自己动力的源泉。</div>\r\n        <div style=\"text-align: center;\"><img fromphoto=\"1\" border=\"0\" photodocid=\"53211\" src=\"http://www.cmse.gov.cn/xwzx/202304/W020230403796536730011.png\" alt=\"\" OLDSRC=\"W020230403796536730011.png\" /></div>\r\n        <div style=\"text-align: center;\">\r\n            <font size=\"2\">▲斯特林热电转换试验装置示意图</font>\r\n        </div>\r\n        <div>同时，它也不挑燃料。只要能发热，无论是太阳能、燃油、煤炭、木柴，还是核燃料棒，只要有合适的温差就可以工作，非常让人省心且具有明显的优势。</div>\r\n        <div>&nbsp;</div>\r\n        <div><b>效率有多高？</b></div>\r\n        <div>斯特林热电转换装置的温度比（热端温度与冷端温度之比）越高，热电转换效率就越高。</div>\r\n        <div>目前，在温度比接近3的情况下，国内外实现的转换效率能够达到28%以上。</div>\r\n        <div style=\"text-align: center;\"><img fromphoto=\"1\" border=\"0\" photodocid=\"53210\" src=\"http://www.cmse.gov.cn/xwzx/202304/W020230403796527889545.png\" alt=\"\" OLDSRC=\"W020230403796527889545.png\" /></div>\r\n        <div style=\"text-align: center;\">\r\n            <font size=\"2\">▲斯特林热电转换试验装置内部</font>\r\n        </div>\r\n        <div>本次空间站在轨试验装置温度比为2.2，实现在轨热电转换效率24.7%，若温度比达到3的情况下，也可实现近28%的转换效率。</div>\r\n        <div>因此，从这个角度可以理解为转换效率达到了国际上的中上水平。</div>\r\n        <div>&nbsp;</div>\r\n        <div style=\"text-align: center;\"><b>03 未来或成为人类探测深空一项必不可少的技术</b></div>\r\n        <div>&nbsp;</div>\r\n        <div><b>为什么开展这项试验？</b></div>\r\n        <div>现阶段，中国空间站运行在距离地面约400公里的轨道上，空间站主要使用太阳能电池，利用光电效应发电。但是随着航天器到太阳的距离越来越远，太阳能电池组的效率明显下降，甚至都不起作用。</div>\r\n        <div style=\"text-align: center;\"><img fromphoto=\"1\" border=\"0\" photodocid=\"53209\" src=\"http://www.cmse.gov.cn/xwzx/202304/W020230403796517888672.png\" alt=\"\" OLDSRC=\"W020230403796517888672.png\" /></div>\r\n        <div style=\"text-align: center;\">\r\n            <font size=\"2\">▲中国空间站舱外全景相机拍摄画面</font>\r\n        </div>\r\n        <div>未来，如果人类的脚步踏入月球背面、木星，甚至从行星到行星，太阳的光照微乎其微，太阳能发电就指望不上。该如何保证航天器电力需求？</div>\r\n        <div>此时，斯特林发电机就体现出自己的价值，只要给个合适热源和温差就可以发电。</div>\r\n        <div>热源使用成熟的核燃料技术，寿命长、发热稳定，两者结合就是完美的电力系统，解决空间电源使用需求。同时，斯特林电源系统作为一种高效能源技术，具有高效率、结构简单、质量轻、启动快和振动小、噪声低等优点。</div>\r\n        <div>因此，斯特林热电转换技术在这些领域具有不可替代性。</div>\r\n        <div>&nbsp;</div>\r\n        <div><b>对未来的展望</b></div>\r\n        <div>斯特林热电转换技术作为一种高效能源技术，在空间有着广泛的应用需求，可用于深空探测、火星探测和更远的木星探测等任务，特别是不依赖太阳能的任务。</div>\r\n        <div style=\"text-align: center;\"><img fromphoto=\"1\" border=\"0\" photodocid=\"53208\" src=\"http://www.cmse.gov.cn/xwzx/202304/W020230403796509412710.png\" alt=\"\" OLDSRC=\"W020230403796509412710.png\" /></div>\r\n        <div style=\"text-align: center;\">\r\n            <font size=\"2\">▲月面着陆器与新一代载人飞船模型</font>\r\n        </div>\r\n        <div>想不到，一枚小小的“太空抽屉”，在方寸之间，装进了我们对大千世界的探索和追问，对浩瀚宇宙的敬畏和思考。宇宙那么大，人类应该去看看，中国人更应该去看看。在不远的将来，中国人的脚步一定能迈向更远的深空！</div>\r\n        <div>&nbsp;</div>\r\n        <div>文/杨金禄、吴馥桐</div>\r\n        <div>&nbsp;</div>\r\n    </div>\r\n    <div class=\"pageSource_all\">（责任编辑：郝祎咛）</div>\r\n</div>\r\n\r\n</div>', '2023-4-1');
INSERT INTO `news` VALUES (5, '分类1', '天选之种 | 半封闭智能温室里的“黑科技”', 'http://www.cmse.gov.cn/xwzx/202304/W020230413497797551504.jpg', '<div style=\"text-align: center;\"><img fromphoto=\"1\" border=\"0\" photodocid=\"53274\" src=\"http://www.cmse.gov.cn/xwzx/202304/W020230413497806092451.jpg\" alt=\"\" oldsrc=\"W020230413497806092451.jpg\" /></div>\r\n<div style=\"text-align: center;\">半封闭智能温室</div>\r\n<div>&nbsp;</div>\r\n<div>半封闭智能温室主要用于无土栽培，主栽作物有番茄、黄瓜、辣椒、生菜等，温室特点主要是采用智能控制、自动化控制和具有结构优势。</div>\r\n<div>&nbsp;</div>\r\n<div>&nbsp;</div>\r\n<div>&nbsp;</div>\r\n<div style=\"text-align: center;\"><b>一、如何提供养分</b></div>\r\n<div>&nbsp;</div>\r\n<div>既然是无土栽培，那么如何提供植物生长所需要的养分呢？在半封闭智能温室里，植株以椰糠作为基质，采用无土栽培技术进行吊挂式栽培。在基质中插入二箭头滴箭灌溉，水肥可控，精确灌溉，滴量均匀，有利于提高作物品质和产量。各种养分检测探头与自动控制装置结合，调控营养液的适宜温度、元素配比、溶氧量、pH值（氢离子浓度指数）等，以保证植物的快速生长。</div>\r\n<div style=\"text-align: center;\"><img fromphoto=\"1\" border=\"0\" photodocid=\"53273\" src=\"http://www.cmse.gov.cn/xwzx/202304/W020230413497801746127.jpg\" alt=\"\" oldsrc=\"W020230413497801746127.jpg\" /></div>\r\n<div style=\"text-align: center;\">栽培基质</div>\r\n<div style=\"text-align: center;\"><img fromphoto=\"1\" border=\"0\" photodocid=\"53272\" src=\"http://www.cmse.gov.cn/xwzx/202304/W020230413497797551504.jpg\" alt=\"\" oldsrc=\"W020230413497797551504.jpg\" /></div>\r\n<div style=\"text-align: center;\">半封闭智能温室里生长的番茄</div>\r\n<div style=\"text-align: center;\">&nbsp;</div>\r\n<div>&nbsp;</div>\r\n<div>&nbsp;</div>\r\n<div style=\"text-align: center;\"><b>二、如何自然授粉</b></div>\r\n<div>&nbsp;</div>\r\n<div>半封闭环境下如何还原自然授粉过程？这就需要授粉熊蜂来帮忙了。熊蜂适应温室环境、授粉能力强。以番茄为例，利用熊蜂对植株花朵进行授粉，不仅能提高番茄单果质量，还能降低畸形果率、改善果实品质，避免了运用化学授粉所带来的激素污染等问题。</div>\r\n<div style=\"text-align: center;\"><img fromphoto=\"1\" border=\"0\" photodocid=\"53271\" src=\"http://www.cmse.gov.cn/xwzx/202304/W020230413497793458283.jpg\" alt=\"\" oldsrc=\"W020230413497793458283.jpg\" /></div>\r\n<div style=\"text-align: center;\">熊蜂蜂箱</div>\r\n<div>&nbsp;</div>\r\n<div>&nbsp;</div>\r\n<div>&nbsp;</div>\r\n<div style=\"text-align: center;\"><b>三、如何提供植物生长环境</b></div>\r\n<div>充足的光照、恒定的温湿度、适宜的二氧化碳浓度是保证植物正常生长的必要条件，在半封闭智能温室里，这些条件由多个自动化智能系统共同控制：</div>\r\n<div>&nbsp;</div>\r\n<div><b>01 光照控制</b></div>\r\n<div>屋脊玻璃具有高透光率、高散射特性，使温室内各个角度都有充足的光照；当光照过强时，温室顶部电动幕布遮阳系统开启，可防止温室内部由于强烈阳光照射而温度过高。</div>\r\n<div style=\"text-align: center;\"><img fromphoto=\"1\" border=\"0\" photodocid=\"53270\" src=\"http://www.cmse.gov.cn/xwzx/202304/W020230413497788035106.jpg\" alt=\"\" oldsrc=\"W020230413497788035106.jpg\" /></div>\r\n<div style=\"text-align: center;\">温室顶部装有电动幕布</div>\r\n<div>&nbsp;</div>\r\n<div>当自然光照不足时，温室会自动开启补光系统，这时LED灯或高压钠灯被开启，保证植物光合作用的正常进行。光的颜色是根据种植的品种决定的。</div>\r\n<div style=\"text-align: center;\"><img fromphoto=\"1\" border=\"0\" photodocid=\"53269\" src=\"http://www.cmse.gov.cn/xwzx/202304/W020230413497782856513.jpg\" alt=\"\" oldsrc=\"W020230413497782856513.jpg\" /></div>\r\n<div style=\"text-align: center;\">补光系统可改善温室自然光照不足</div>\r\n<div>&nbsp;</div>\r\n<div><b>02 温度控制</b></div>\r\n<div>温室内部设置内遮荫及二层保温系统，夏季降温、冬季保温，保证作物正常生长及降低能耗成本；室内温度高时，外部干热空气在风机的作用下通过湿帘墙，温度降低，进入温室内，达到快速降低室内温度的目的。</div>\r\n<div style=\"text-align: center;\"><img fromphoto=\"1\" border=\"0\" photodocid=\"53268\" src=\"http://www.cmse.gov.cn/xwzx/202304/W020230413497777489270.jpg\" alt=\"\" oldsrc=\"W020230413497777489270.jpg\" /></div>\r\n<div style=\"text-align: center;\">温度控制保证作物正常生长</div>\r\n<div style=\"text-align: center;\"><img fromphoto=\"1\" border=\"0\" photodocid=\"53267\" src=\"http://www.cmse.gov.cn/xwzx/202304/W020230413497773670825.jpg\" alt=\"\" oldsrc=\"W020230413497773670825.jpg\" /></div>\r\n<div style=\"text-align: center;\">半封闭智能温室里生长的番茄</div>\r\n<div>&nbsp;</div>\r\n<div>同时，温室地面还铺设有暖气管道，在冬天时可以给温室供暖。别小看这个装置，它可不仅仅是暖气管道，还可以当做采摘车轨道。</div>\r\n<div style=\"text-align: center;\"><img fromphoto=\"1\" border=\"0\" photodocid=\"53266\" src=\"http://www.cmse.gov.cn/xwzx/202304/W020230413497768639226.jpg\" alt=\"\" oldsrc=\"W020230413497768639226.jpg\" /></div>\r\n<div style=\"text-align: center;\">工人给番茄吊秧</div>\r\n<div>&nbsp;</div>\r\n<div>&nbsp;</div>\r\n<div><b>03 湿度控制</b></div>\r\n<div>湿度如何控制？温室里配有高压喷雾系统，当系统检测到温室内空气湿度低时，将自动开启高压喷雾系统，雾化水蒸发吸收热量，加湿的同时还可有效降温除尘。</div>\r\n<div style=\"text-align: center;\"><img fromphoto=\"1\" border=\"0\" photodocid=\"53278\" src=\"http://www.cmse.gov.cn/xwzx/202304/W020230413498080759828.jpg\" alt=\"\" oldsrc=\"W020230413498080759828.jpg\" /></div>\r\n<div style=\"text-align: center;\">温室里配有高压喷雾系统</div>\r\n<div>&nbsp;</div>\r\n<div>&nbsp;</div>\r\n<div><b>04 二氧化碳浓度控制</b></div>\r\n<div>植物生长需要足够的二氧化碳，二氧化碳补气系统可自动保持温室内二氧化碳水平均衡稳定在400ppm，使植物根系发达、枝繁叶茂、增产增收。</div>\r\n<div style=\"text-align: center;\"><img fromphoto=\"1\" border=\"0\" photodocid=\"53277\" src=\"http://www.cmse.gov.cn/xwzx/202304/W020230413498074971300.jpg\" alt=\"\" oldsrc=\"W020230413498074971300.jpg\" /></div>\r\n<div style=\"text-align: center;\">补气系统让植物枝繁叶茂</div>\r\n<div>&nbsp;</div>\r\n<div>&nbsp;</div>\r\n<div style=\"text-align: center;\"><b>三、如何实现空气循环</b></div>\r\n<div>温室采用自然通风系统和空气循环系统共同保证空气循环。温室顶部有自动开窗通风机构及折叠防虫网，实现顶部开窗，使温室内外空气形成对流，达到除湿降温防虫的效果；温室内部设置多个内循环风机，自动调节温室内温度、相对湿度、二氧化碳的分布，保证均衡，促进空气流畅。</div>\r\n<div style=\"text-align: center;\"><img fromphoto=\"1\" border=\"0\" photodocid=\"53276\" src=\"http://www.cmse.gov.cn/xwzx/202304/W020230413498069844752.jpg\" alt=\"\" oldsrc=\"W020230413498069844752.jpg\" /></div>\r\n<div style=\"text-align: center;\">半封闭智能温室里种植的生菜</div>\r\n<div>&nbsp;</div>\r\n<div>&nbsp;</div>\r\n<div style=\"text-align: center;\"><b>四、如何减少虫害</b></div>\r\n<div>在半封闭智能温室里，悬挂了一些黄色的粘虫板，利用蚊虫对黄色的趋光性，粘贴蚊虫，减少虫害对植物的影响，同时减少化学农药的使用，为植物提供更好的生长环境。</div>\r\n<div style=\"text-align: center;\"><img fromphoto=\"1\" border=\"0\" photodocid=\"53275\" src=\"http://www.cmse.gov.cn/xwzx/202304/W020230413498063955147.jpg\" alt=\"\" oldsrc=\"W020230413498063955147.jpg\" /></div>\r\n<div style=\"text-align: center;\">温室中悬挂的粘虫板</div>\r\n<div>&nbsp;</div>\r\n<div>&nbsp;</div>\r\n<div>作为“天选之种”，航天育种最难的部分不在“上天”而是“入地”。怎么样！看完这些是不是对航天育种新品种的选育和生产用到的半封闭智能温室有了更多了解？下期我们还将继续给大家介绍育种温室，记得持续关注我们哦！</div>\r\n<div>&nbsp;</div>\r\n<div>记者/陆金路</div>\r\n</div>\r\n<div class=\"pageSource_all\">（责任编辑：郝祎咛）</div>\r\n</div>', '2023-4-14');
INSERT INTO `news` VALUES (6, '分类1', '国际载人航天日｜一览中国载人航天工程大事件', 'https://img1.baidu.com/it/u=1873958159,940063417&fm=253&fmt=auto&app=138&f=JPEG?w=500&h=418', '<div class=\"article\" id=\"dochtmlcon\" style=\"display:none\"> <div class=TRS_Editor><img src=\"http://www.cmse.gov.cn/xwzx/202304/W020230412614394242352.png\" style=\"border-width: 0px;\" alt=\"\" OLDSRC=\"W020230412614394242352.png\" /', '2023-4-14');
INSERT INTO `news` VALUES (7, '分类1', '世界卫生日 | 航天员在“太空之家”如何保持清洁卫生', 'http://www.cmse.gov.cn/xwzx/202304/W020230407476981292267.gif', '<div class=TRS_Editor><div>今天是世界卫生日，我们一起来看看航天员在“太空之家”是如何保持清洁卫生的吧！</div>\r\n<div>&nbsp;</div>\r\n<div style=\"text-align: center;\"><b>个人卫生篇</b></div>\r\n<div>&nbsp;</div>\r\n<div><b>01 洗澡</b></div>\r\n<div>在“太空之家”洗澡，虽然不能像在地面一样可以淋浴或者泡澡，但会给航天员准备免洗浴液和一些湿毛巾或将干巾在轨复水，可用免洗浴液和湿毛巾加热后擦拭身体，保持个人卫生。</div>\r\n<div>&nbsp;</div>\r\n<div><b>02 洗头</b></div>\r\n<div>在空间站洗头可是有“神器”的，这就是一顶免冲洗头罩。洗头罩具有弹性收口，能够很好地包裹头部。航天员翟志刚就曾给大家讲解过如何“太空洗头”：首先用一个头罩，罩住脑袋，这个头罩里面装的是洗发液，然后进行揉搓；揉搓完之后扔掉，再取一个头罩，里面含有水，再继续揉搓，揉搓完之后再把它扔掉；最后再取一个干的头罩套在头上，再揉搓，干后就洗完了。总结关键词就是“揉搓、揉搓、再揉搓”。</div>\r\n<div style=\"text-align: center;\"><img src=\"http://www.cmse.gov.cn/xwzx/202304/W020230407476981092061.gif\" style=\"border-width: 0px;\" alt=\"\" oldsrc=\"W020230407476981092061.gif\" /></div>\r\n<div style=\"text-align: center;\"><font size=\"2\">航天员“揉搓式”洗头</font></div>\r\n<div>&nbsp;</div>\r\n<div><b>03 理发</b></div>\r\n<div>太空理发最大的问题就是如何清理碎发。失重环境会让刮下来的碎发飘散在空中，可能掉落在一些精密仪器的缝隙中，也可能被航天员不小心吸入体内，存在危害航天员身体健康的隐患。因此航天员也有专门的理发设备，它结合了真空吸尘器的功能，可以一边理发一边将碎发吸走收集起来，从而避免了毛发到处飘的问题。</div>\r\n<div style=\"text-align: center;\"><img src=\"http://www.cmse.gov.cn/xwzx/202304/W020230407476981183800.gif\" style=\"border-width: 0px;\" alt=\"\" oldsrc=\"W020230407476981183800.gif\" /></div>\r\n<div style=\"text-align: center;\"><font size=\"2\">航天员在轨理发</font></div>\r\n<div>&nbsp;</div>\r\n<div><b>04 刷牙</b></div>\r\n<div>航天员在太空中如何刷牙？他们的牙膏是可食用的。将牙膏挤在牙刷上刷牙，之后吸入水漱口后将牙膏沫直接吞下。</div>\r\n<div style=\"text-align: center;\"><img src=\"http://www.cmse.gov.cn/xwzx/202304/W020230407476981292267.gif\" style=\"border-width: 0px;\" alt=\"\" oldsrc=\"W020230407476981292267.gif\" /></div>\r\n<div style=\"text-align: center;\"><font size=\"2\">太空刷牙</font></div>\r\n<div>&nbsp;</div>\r\n<div><b>05 刮胡子</b></div>\r\n<div>男性航天员如何在太空中刮胡子？有两种方式，一是使用黏性较大的剃须泡沫将胡渣和泡沫黏在一起，最后将泡沫集中刮掉；二是科研团队研制出了一种特殊的刮胡刀，在刀片两侧装置了具有黏性的保护材料，也附带吸尘功能，很好地解决了因重力失衡而导致碎胡须屑乱飞的问题。</div>\r\n<div style=\"text-align: center;\"><img src=\"http://www.cmse.gov.cn/xwzx/202304/W020230407476981372640.gif\" style=\"border-width: 0px;\" alt=\"\" oldsrc=\"W020230407476981372640.gif\" /></div>\r\n<div style=\"text-align: center;\"><font size=\"2\">航天员在轨刮胡子</font></div>\r\n<div>&nbsp;</div>\r\n<div style=\"text-align: center;\"><b>环境卫生篇</b></div>\r\n<div>&nbsp;</div>\r\n<div><b>01 物资整理</b></div>\r\n<div>当航天员进驻空间站后，都会进行物资整理与转移，整理好舱内的各种货包。航天员会利用物资管理系统，整体上对整站的物资进行归类和梳理，提高空间站的管理水平，帮助航天员腾出更多精力专注于在轨科学实验等工作，同时也让空间站看上去更加整洁舒适。</div>\r\n<div style=\"text-align: center;\"><img src=\"http://www.cmse.gov.cn/xwzx/202304/W020230407476981404232.gif\" style=\"border-width: 0px;\" alt=\"\" oldsrc=\"W020230407476981404232.gif\" /></div>\r\n<div style=\"text-align: center;\"><font size=\"2\">在轨物资整理</font></div>\r\n<div>&nbsp;</div>\r\n<div><b>02 垃圾处理</b></div>\r\n<div>航天员在轨生活期间产生的垃圾除了可以净化、循环再利用的液体，其他垃圾需要一段时间才能随天舟货运飞船带离，这个时候就需要进行垃圾分类了。垃圾分类不仅可以压缩体积、方便储存，还可以有效防止细菌滋生，保持“太空之家”的干净整洁。</div>\r\n<div style=\"text-align: center;\"><img src=\"http://www.cmse.gov.cn/xwzx/202304/W020230407476981426189.gif\" style=\"border-width: 0px;\" alt=\"\" oldsrc=\"W020230407476981426189.gif\" /></div>\r\n<div style=\"text-align: center;\"><font size=\"2\">蔡旭哲进食后将食品包装袋收好</font></div>\r\n<div>&nbsp;</div>\r\n<div>太空垃圾按照危害等级进行分类。为了防止垃圾存放期间滋生细菌，像厨余、排泄物等属于高危害等级的垃圾，在处理时需要添加防腐剂。像纸巾、塑料包装袋等普通垃圾可以放进垃圾袋，抽真空，压缩以减小体积，便于储存。</div>\r\n<div style=\"text-align: center;\"><img src=\"http://www.cmse.gov.cn/xwzx/202304/W020230407476981447813.gif\" style=\"border-width: 0px;\" alt=\"\" oldsrc=\"W020230407476981447813.gif\" /></div>\r\n<div style=\"text-align: center;\"><font size=\"2\">陈冬将食品包装袋放到垃圾袋里</font></div>\r\n<div>&nbsp;</div>\r\n<div>&nbsp;</div>\r\n<div>垃圾分类后如何处理呢？液体类垃圾主要处理方式是循环再利用，生活类垃圾主要处理方式是收集打包后随天舟货运飞船再入。</div>\r\n<div style=\"text-align: center;\"><img src=\"http://www.cmse.gov.cn/xwzx/202304/W020230407476981494995.gif\" style=\"border-width: 0px;\" alt=\"\" oldsrc=\"W020230407476981494995.gif\" /></div>\r\n<div style=\"text-align: center;\"><font size=\"2\">天舟货运飞船受控再入大气层</font></div>\r\n<div>&nbsp;</div>\r\n<div><b>03 残渣清理</b></div>\r\n<div>为保证空间站环境卫生与在轨工作生活安全，航天员需要定期对在轨工作生活产生的残渣碎屑进行清洁，这就需要用到一个“神器”——残渣收集器。它可以帮助航天员收集悬浮在空中的食物残渣或水珠，因为这些碎屑一旦被航天员吸入肺中，会对航天员的身体造成危害，如果碎屑飘到“太空之家”的设备夹缝里，也会对设备运行造成威胁。</div>\r\n<div style=\"text-align: center;\"><img src=\"http://www.cmse.gov.cn/xwzx/202304/W020230407476981537426.gif\" style=\"border-width: 0px;\" alt=\"\" oldsrc=\"W020230407476981537426.gif\" /></div>\r\n<div style=\"text-align: center;\"><font size=\"2\">航天员陈冬使用残渣收集器</font></div>\r\n<div>&nbsp;</div>\r\n<div>&nbsp;</div>\r\n<div>看完这些，是不是对航天员在“太空之家”如何保持清洁卫生有了更多了解？太空探索永无止境，期待未来航天员在“太空之家”的工作生活更加舒适便捷。</div></div> <div class=\"pageSource_all\">（责任编辑：郝祎咛）</div></div>\r\n\r\n</div>\r\n<!-- 内容区结束 -->', '2023-4-14');
INSERT INTO `news` VALUES (9, 'undefined', '从这片湿地奔赴天宫梦想！', 'https://img2.baidu.com/it/u=1239260814,2975714926&fm=253&fmt=auto&app=138&f=JPEG?w=903&h=500', '湿地被誉为“地球之肾”</div>\n<div style=\"text-align: center;\">是珍贵的自然资源和重要的生态系统</div>\n<div style=\"text-align: center;\">具有不可替代性</div>\n<div style=\"text-align: center;\">我国四大发射场中“最年轻”的中国文昌航天发射场</div>\n<div style=\"text-align: center;\"><span style=\"font-size: 12pt;\">就坐落在北纬19°39′东经110°58′的湿地之上</span></div>\n<div style=\"text-align: center;\"><img fromphoto=\"1\" border=\"0\" photodocid=\"52461\" src=\"http://www.cmse.gov.cn/xwzx/202304/W020230203343118002459.jpg\" alt=\"\" OLDSRC=\"W020230203343118002459.jpg\" /></div>\n<div>作为中国首个滨海航天发射基地，中国文昌航天发射场承担了“天宫”空间站舱段和“天舟”货运飞船的发射任务，主要负责运载火箭、飞船、空间站、有效载荷和航天员系统装船设备在发射场的测试和发射，并提供相应保障条件。 </div>\n<div style=\"text-align: center;\"><b>连战连捷 见证历史</b></div>\n<div>发射场于2014年顺利通过工程建设验收和试验发射能力验收，至今已经见证了空间站建造过程中多个令人心潮澎湃的历史性时刻。</div>\n<div style=\"text-align: center;\"><img fromphoto=\"1\" border=\"0\" photodocid=\"52460\" src=\"http://www.cmse.gov.cn/xwzx/202304/W020230203343107738807.png\" alt=\"\" OLDSRC=\"W020230203343107738807.png\" /></div>\n<div>2020年5月5日，搭载新一代载人飞船试验船的长征五号B运载火箭首飞成功，实现空间站阶段飞行任务首战告捷，拉开我国载人航天工程“第三步”任务序幕。</div>\n<div style=\"text-align: center;\"><img fromphoto=\"1\" border=\"0\" photodocid=\"52459\" src=\"http://www.cmse.gov.cn/xwzx/202304/W020230203343100211099.jpg\" alt=\"\" OLDSRC=\"W020230203343100211099.jpg\" /></div>\n<div>2021年4月29日，天和核心舱从这里奔向遥远的太空，中国正式迈入空间站时代。</div>\n<div style=\"text-align: center;\"><img fromphoto=\"1\" border=\"0\" photodocid=\"52458\" src=\"http://www.cmse.gov.cn/xwzx/202304/W020230203343095406675.jpg\" alt=\"\" OLDSRC=\"W020230203343095406675.jpg\" /></div>\n<div>2021年5月29日、9月20日，2022年5月10日，天舟二号、三号、四号货运飞船相继从这里一飞冲天，与天和核心舱顺利对接，我国空间站建设进入了承上启下的关键阶段。</div>\n<div style=\"text-align: center;\"><img fromphoto=\"1\" border=\"0\" photodocid=\"52457\" src=\"http://www.cmse.gov.cn/xwzx/202304/W020230203343091237659.jpg\" alt=\"\" OLDSRC=\"W020230203343091237659.jpg\" /></div>\n<div>2022年7月24日、10月31日，中国空间站两个科学实验舱问天实验舱和梦天实验舱，在空间站内神舟十四号乘组的注视下，从这里问鼎苍穹。梦天实验舱转位后，中国空间站“T”字基本构型在轨组装完成。</div>\n<div style=\"text-align: center;\"><img fromphoto=\"1\" border=\"0\" photodocid=\"52456\" src=\"http://www.cmse.gov.cn/xwzx/202304/W020230203343087112935.jpg\" alt=\"\" OLDSRC=\"W020230203343087112935.jpg\" /></div>\n<div>2022年11月12日，天舟五号货运飞船再次从这片湿地出发奔向天宫，等待神舟十五号3名航天员的到来。</div>\n<div> </div>\n<div style=\"text-align: center;\"><b>肩负使命 任重道远</b></div>\n<div>2022年4月12日，中共中央总书记、国家主席、中央军委主席习近平到文昌航天发射场视察，代表党中央和中央军委，向发射场全体同志致以诚挚问候。</div>\n<div style=\"text-align: center;\"><img fromphoto=\"1\" border=\"0\" photodocid=\"52455\" src=\"http://www.cmse.gov.cn/xwzx/202304/W020230203343080022165.png\" alt=\"\" OLDSRC=\"W020230203343080022165.png\" /></div>\n<div>习近平强调，文昌航天发射场是我国新一代大推力运载火箭发射场，是我国深空探测的重要桥头堡，在我国航天体系中具有特殊重要地位和作用。要大力弘扬“两弹一星”精神、载人航天精神，坚持面向世界航天发展前沿、面向国家航天重大战略需求，强化使命担当，勇于创新突破，全面提升现代化航天发射能力，努力建设世界一流航天发射场。</div>\n<div style=\"text-align: center;\"><img fromphoto=\"1\" border=\"0\" photodocid=\"52454\" src=\"http://www.cmse.gov.cn/xwzx/202304/W020230203343074193605.jpg\" alt=\"\" OLDSRC=\"W020230203343074193605.jpg\" /></div>\n<div>从长五B首飞到天舟五号奔赴天宫，中国文昌航天发射场圆满完成了空间站阶段一箭三舱四船的发射任务，为空间站基本构型的组装建造发挥了重要作用。天宫空间站建造完成后将在轨运营10年以上，文昌航天发射场作为舱段和货运飞船的启航之地，将继续为太空家园的在轨运营贡献力量。在不远的未来，相信文昌航天发射场还将助力中国人探索外空的脚步迈向月球及更远的深空！</div></div> <div class=\"pageSource_all\">（责任编辑：郝祎咛）</div></div>\n\n</div>\n<!-- 内容区结束 -->\"  class=\"layui-textarea\" style=\"width:100%;height:400px\">\"  class=\"layui-textarea\" style=\"width:100%;height:400px\">', 'undefined');
INSERT INTO `news` VALUES (10, '分类1', '神舟十四号航天员乘组与记者见面会问答实录', 'http://www.cmse.gov.cn/xwzx/202304/W020230410779291884135.jpg', '1', '2023-4-15');
INSERT INTO `news` VALUES (11, '分类2', '陕西省领导到五院西安分院参观全民国家安全教育日主题展览', 'null', '4月10日，在第八个全民国家安全教育日来临之际，陕西省委书记赵一德来到中国航天科技集团有限公司五院西安分院，参观“4·15”全民国家安全教育日主题展览。他强调，要深入学习贯彻党的二十大精神、习近平总书记关于国家安全的重要论述和来陕考察重要讲话重要指示精神，坚定不移贯彻总体国家安全观，全力做好国家安全工作，全面加强国家安全教育，切实筑牢维护国家安全的铜墙铁壁。\r\n\r\n赵一德先后来到文字图片展区、文化技术产品展区和虚拟教育展厅，仔细观看展陈内容，听取情况介绍。他指出，要把维护国家安全贯穿工作各方面全过程，坚决维护国家政权安全、制度安全、意识形态安全，统筹做好经济、社会、文化、科技、生态等重点领域安全工作，全面加强安全能力建设，严密防范系统性安全风险，切实保障好人民群众生命安全和社会大局和谐稳定。要强化国家安全教育，坚持全民国家安全教育日与常态化宣传相结合、传统媒体与新兴媒体相结合，广泛开展内容丰富、形式多样的宣传教育活动，推动总体国家安全观深入人心，凝聚起维护国家安全人人有责、人人尽责的强大合力。要加强党对国家安全工作的绝对领导，以开展学习贯彻习近平新时代中国特色社会主义思想主题教育为契机，压紧压实责任，建强工作队伍，提升工作效能，不断开创陕西省国家安全工作新局面。', '2023-4-15');
INSERT INTO `news` VALUES (12, '分类2', 'GEP星座暨生态环境卫星立体监测系统正式上线', 'null', '近日，中国航天科技集团有限公司五院508所研制开发的GEP星座暨生态环境卫星立体监测系统正式上线。\r\n\r\n生态系统生产总值（GEP）也称生态产品总值，是指生态系统为人类福祉和经济社会可持续发展提供的各种最终物质产品与服务价值的总和，简单地说，就是“绿水青山”所提供的价值。\r\n\r\n此次发布的GEP星座暨生态环境卫星立体监测系统以GEP核算与应用、生态环境监测、双碳监测等研究领域的遥感数据需求为出发点，在线提供生态分类、水源涵养、大气监测、碳汇监测等多项空间基础数据。针对各项基础数据，平台能够实时提供GEP星座在轨资源和面向GEP核算的标准化数据产品，解决行业用户遥感数据获取难、数据品种和规格不统一等问题。（陈前 孙晓敏）', '2023-4-15');
INSERT INTO `news` VALUES (13, '分类2', '神舟十四号航天员乘组与记者见面会问答实录', NULL, '3年建设4条商业卫星产线，47天下线4颗商业卫星……近年来，中国航天科技集团有限公司八院812所在商业航天领域跨步前行，交出了一份亮眼的成绩单。\r\n\r\n“当前和今后一段时期处于战略窗口期、战略机遇期，要能真正抓住机遇。”812所所长路同山在不同场合反复强调。\r\n\r\n拓展“AIT+”产业是812所“十四五”规划的重点发展思路之一，而“AIT+产线”便是其做强做优做大的一大契机。找准方向，抓住优势，持续发力，812所在商业卫星产业发展中走出一条新路、爬上一座高山、闯出一片新天地。\r\n\r\n以开放姿态“抬头看路”\r\n\r\n自八院在卫星产业实施总体总装分线运行10余年来，812所AIT全链条优势不断彰显，卫星制造“一站式”配套服务能力使该所实现从“用生产线”到“造生产线”的转型升级。\r\n\r\n从2020年中标齐鲁卫星国际创新中心项目，到2021年、2022年相继中标香港航天卫星智能制造中心和赛德雷特卫星工厂项目，再到前不久中标河南天章卫星工厂项目，3年4条产线，812所商业卫星产业从“长在812”逐渐过渡到“走出812”。截至目前，已有两条产线项目进入交付验收阶段。\r\n\r\n2022年，812所商业航天产业营业收入同比增长超80%。“商业航天产业是航天事业发展的重要组成部分，要让商业卫星产业成为812所的半壁江山。”这是该所分管市场工作的副所长朱胜利的抱负与“野心”。今年一季度，他与团队又先后走访了株洲、济南、厦门、南通、哈尔滨等地的近40家商业客户，与近20家商业航天公司开展了交流合作。\r\n\r\n在812所，曾经习惯了“低头拉车”的一群人，如今正在以开放的姿态“抬头看路”，在多个领域拓展客户群体，不断创新商业卫星科研生产模式，让产业发展与型号主业相互激荡。\r\n\r\n坚持“3个T0”市场原则\r\n\r\n走出一条新路绝非易事。随着商业航天产业的蓬勃发展，“统筹发展与安全”显得越来越重要。在受疫情影响较大的前两年，812所不仅有效规避了外部风险，而且还进一步优化了成本管理，这其中，“3个T0”市场原则功不可没。\r\n\r\n去年6月，路同山首次提出“3个T0”（T0即起始点）原则，即“以签订合同、首付款到位30%作为任务开始实施的T0，以确定有效的图纸或技术要求到位作为技术状态确定的T0，以产品齐套作为总装任务开始实施的T0”。812所坚决执行这一原则，并将其作为产业发展的基本原则和底线红线，有效规避了市场风险。\r\n\r\n在市场淘沙中，812所既注重对外部环境的分析，也重视自身需求的变化，最大限度发挥市场、业务、法务、财务人员的高效协同作用，不断提升产业发展水平，提高盈利能力，努力做到各美其美、美人之美、美美与共。\r\n\r\n高品质履约才能行稳致远\r\n\r\n2021年，812所与银河航天共建共用的商业卫星产线以75天下线6颗商业卫星的速度，给科研模式转型做出了良好示范；今年3月，该产线又以47天下线4颗商业卫星的速度刷新了纪录。\r\n\r\n高品质履约是812所商业航天产业行稳致远的基础。“所谓高品质履约，就是既要确保项目拿得下来，更要确保干得好、交得出。”812所利正公司总经理夏振涛解释说。\r\n\r\n近年来，812所不断强化“T0意识”、闭环意识、周期意识，在一个个工程项目的历练中，逐步建立了本土化的商业项目管理机制和商业航天质量管理体系，着力打造商业航天产业链、供应链和价值链，形成集规划布局、流程设计、设备研制、知识培训、售后运营为一体的“交钥匙”合作模式，为提升高品质履约服务能力奠定了良好基础。\r\n\r\n“要在有能力的时候，多添置一些挣饭吃的‘家当’，干出影响力，提升后续承担更大项目的驾驭能力。”路同山强调。\r\n\r\n依托所本级和两个下属公司“一体两翼”发展格局，812所正持续加大商业卫星AIT全链条业务拓展，着力打造国内卫星AIT研制链条最完整、基础配套最齐全、研制效率最快捷的一站式商业卫星AIT中心，努力成为商业卫星制造产业链“链长”。（叶文）', '2023-4-18 21:6:8');
INSERT INTO `news` VALUES (14, '分类2', '我国空间站氧气资源实现100%再生', 'null', '科技日报北京4月13日电 （占康 刘相 记者付毅飞）记者从4月13日召开的第三届全国载人航天环境控制与生命保障技术大会上获悉，目前中国空间站环控生保6大再生系统稳定运行，空间站氧气资源实现100%再生，水资源闭合度提升到95%以上，每年减少上行补给6吨。\r\n\r\n　　“我们在轨工作中一项非常重要的工作，就是维护环控生保产品。”神舟十四号乘组航天员蔡旭哲在大会论坛交流中表示，“尤其是再生生保产品的稳定运行，让我们在太空中可以呼吸到源源不断的新鲜氧气，喝到充足的水。”\r\n\r\n　　环控生保系统是保障航天员在太空环境里生存、生活和工作的基础措施，用于在太空密闭环境中为航天员创造基本的生活条件和适宜的工作环境。据悉，中国航天员中心环控生保团队55年来成功研发载人航天器三代环控生保系统，圆满完成15艘“神舟”飞船、5艘“天舟”飞船、2艘“天宫”目标飞行器、5套“飞天”舱外航天服以及“天和”“问天”“梦天”空间站三舱组合体环控生保产品研制任务。特别是空间站任务启动以来，该团队相继攻克电解制氧、二氧化碳去除、微量有害气体去除和水处理、尿处理等世界技术难题，环控生保系统成功实现由“补给式”向“再生式”的转换。\r\n\r\n　　本次会议以“建造生命空间，逐梦浩瀚星空”为主题，由中国航天员科研训练中心主办，哈尔滨工业大学、中国电子科技集团49所等单位承办。\r\n\r\n', '2023-4-15');
INSERT INTO `news` VALUES (15, '分类2', '神十五乘组在轨4个月3次出舱 天舟六号5月上中旬择机发射', 'https://img1.baidu.com/it/u=194603757,3006119660&fm=253&fmt=auto&app=138&f=JPEG?w=747&h=500', '<div id=\"detail\">\r\n    <p>　　新华社北京4月1日电（李国利、邓孟）据中国载人航天工程办公室消息，神舟十五号航天员乘组于3月30日进行了第三次出舱活动。在地面工作人员和舱内航天员邓清明的密切配合下，两名出舱航天员费俊龙、张陆圆满完成全部既定工作，安全返回问天实验舱。</p>\r\n    <p>　　自2021年神舟十二号载人飞行任务以来，4个航天员乘组累计开展10次出舱活动，突破掌握了一系列关键技术，目前出舱活动已成为在轨航天员的例行性工作，后续将根据任务需要继续常态化开展。</p>\r\n    <p>　　刚刚过去的第4个月里，在地面工作人员的协同配合下，神舟十五号航天员乘组按计划完成了空间站平台维护照料、在轨维修维护、材料舱外暴露试验装置出舱安装等各项工作。</p>\r\n    <p>　　目前，空间站科学实验项目正在按计划稳步推进，航天技术试验领域取得可喜成果。近日，空间高效自由活塞斯特林热电转换试验装置顺利完成在轨试验，热电转换效率等综合技术指标达到国际先进水平。据介绍，作为航天器电源系统新技术，斯特林热电转换系统能将热能高效转化为电能，减少对太阳能的依赖，在未来载人月球及深空探测任务中，具有广阔的应用前景。</p>\r\n    <p>　　另据了解，天舟六号货运飞船已安全运抵文昌航天发射场，正按计划开展发射场区总装和测试工作，将于5月上中旬择机发射。</p>\r\n    <p align=\"center\">\r\n        <font color=\"navy\" face=\"楷体\"><img id=\"{9D6FBB9F-0ABC-4D5D-80B9-06CD7D7B8DD5}\" src=\"http://www.news.cn/2023-04/01/1129486779_16803542593331n.jpg\" align=\"center\" /></font>\r\n    </p>\r\n    <p align=\"center\">\r\n        <font color=\"navy\" face=\"楷体\">新华社发 程硕 制图</font>\r\n    </p>', '2023-4-15');
INSERT INTO `news` VALUES (16, '分类2', '我国成功发射遥感三十四号04星', 'https://img2.baidu.com/it/u=2279288802,1189611277&fm=253&fmt=auto&app=120&f=JPEG?w=570&h=380', '　新华社酒泉3月31日电（李国利、郭龙飞）3月31日14时27分，我国在酒泉卫星发射中心使用长征四号丙运载火箭，成功将遥感三十四号04星发射升空，卫星顺利进入预定轨道，发射任务获得圆满成功。\r\n\r\n　　遥感三十四号04星主要用于国土普查、城市规划、土地确权、路网设计、农作物估产和防灾减灾等领域。\r\n\r\n　　这次任务是长征系列运载火箭的第470次飞行。\r\n\r\n<video src=\"https://player.v.news.cn/api/v1/getPlayPage?uuid=1_1a20e72966714fc295a9d816818dc691&src=https://vodpub6.v.news.cn/yhfb-original/20230331/3a51aaec-b7e6-44c5-806e-c96ed7d8a3eb.mp4&playType=0\" autoplay controls></video>', '2023-4-15');
INSERT INTO `news` VALUES (17, '分类3', '把最普通的事情干到极致！大国工匠何小虎说初中就对航天产生向往', 'null', '<video src=\"https://v3-web.toutiaovod.com/d52ee5ccb44c3d5ccb9dedea479efa93/643aa64a/video/tos/cn/tos-cn-ve-4/d485530fde2b42d3a56019d5eb9f2ac1/?a=24&ch=0&cr=0&dr=0&er=0&lr=unwatermarked&net=5&cd=0%7C0%7C0%7C0&cv=1&br=1047&bt=1047&cs=0&ds=3&ft=Pg6SNj2-ccxibuG2sf.sdetlN4gd3-J1MT9YWHhF_XIRtXch00XgbuiG7us_GRf&mime_type=video_mp4&qs=0&rc=ODVoZ2k7NGdnOzs6N2RnNEBpajtwbDg6ZnVraTMzNDczM0BiXmEyNmJgNjQxNjYxX2AvYSNfcmxfcjRnZ3NgLS1kLS9zcw%3D%3D&l=202304152025333170035E13164C415026&btag=28000\"\r\n        autoplay controls></video>', '2023-4-15');
INSERT INTO `news` VALUES (18, '分类3', '濯濯明珠，在“胶”的世界里闪亮——记“航天贡献奖”获得者四院 42所精细化工中心高级工程师刘明珠', 'null', '作为航天科技集团四院42所精细化工中心高级工程师，刚刚30岁出头的刘明珠已经在航天技术应用产业技术岗位上斩获多个技术创新奖。由她负责的系列丙烯酸酯乳液压敏胶及水性复膜胶、地毯膜用丙烯酸酯压敏胶等多个项目均成功实现转化应用。\r\n\r\n自2014年研究生毕业后，刘明珠就开始与各种“胶”打交道。丙烯酸酯乳液压敏胶、水性复膜胶、地毯膜用压敏胶、水性医用压敏胶等研究成果成功应用市场，让她找到了发光发热的舞台。游走在“胶”的世界里，刘明珠觉得既神奇又美妙。\r\n\r\n在继承与创新中守护梦想\r\n\r\n42所的压敏胶研发可以追溯到20世纪80年代，从最初开始研发到实现科研成果转化应用，曾创造了多个奇迹。\r\n\r\n“我们的‘膜产业’有一支素质好的研发队伍和生产队伍，研制了压敏胶新品种研发和性能系列化的保护膜产品，短短几年时间里，实现了由研发成果向小批量、产业化、规模化的发展能力。”说起压敏胶的前世今生，刘明珠如数家珍。\r\n\r\n专职精干的营销队伍让42所压敏胶产品遍布全国20多个省市自治区，甚至出口到欧洲、东南亚等多个国家和地区。该所拥有一套规范的质量检测方法和仪器、涂布技术和专用设备，严格的管理，实现了跨越式发展，“膜产业”也被誉为“小巨人”产业。\r\n\r\n进入21世纪，随着型材的发展对保护膜的需求与时俱新，国家对环保的重视和投入日益增大。42所迅速将研发转向研制高质量的、高附加值的保护膜新品种和高端产品上来。\r\n\r\n开始研制RY—500C型丙烯酸酯乳液压敏胶时，为了确定配方设计、工艺制定，刘明珠在实验室一待就是一整天。在技术与创新中探索，她始终怀揣一颗赤诚之心，默默守护最初的“小巨人”梦想。配方设计时，她总是对实验设计、结果分析能提出非常独到的见解和思路，实验技巧日益娴熟。最终，团队攻克了低温下难贴敷、内聚强度差等难题，获得一款具有性能优异、适应低温气候的乳液压敏胶，成功实现成果转化，成为市场的“明星产品”。\r\n\r\n在转型升级中拔得头筹\r\n\r\n丙烯酸酯水性复膜胶项目是刘明珠承担的第一个转型升级换代产品。“这款胶水比市售的产品具有更高的粘结强度和干燥效率，环保、性能优异，仅我们内部年需求量就达500吨，预计年产值能达到2000万元以上。”刘明珠语气里是奋斗后的喜悦。\r\n\r\n2020年，刘明珠和团队开始研制新型RY—500B环保型丙烯酸酯压敏胶，在不到一年的时间内实现了产品定型，月产量达250吨，42所雄心壮志地定下年产1000吨的生产目标。\r\n\r\n可天有不测风云，项目团队刚刚接过“转型升级党员先锋队”授旗，就因新冠肺炎疫情按下“暂停键”，原材料供应、生产及市场铺展均产生极大影响。于是，研制团队把控节点、梳理难点、攻克关键点，从设计源头抓起，抓生产，保质量，拓市场。\r\n\r\n当接到南方客户反映该压敏胶在高温高湿条件下涂覆较细型材表面时有“掉胶”现象时，刘明珠立即梳理技术现状，前往现场对工艺进行改进验证，加速进行配方优化。\r\n\r\n此时，南方户外已是40摄氏度的高温，车间内闷热难耐，为了不影响客户的正常生产，她尽量将实验“见缝插针”进行。\r\n\r\n功夫不负有心人。经过工艺调整和优化配方后，产品性能各方面均表现优异，研制团队提前完成全年1000吨生产目标，2022年实现年产量6000吨的目标，2023年定下年产量突破1万吨的目标。\r\n\r\n在服务客户中坚守心之所向\r\n\r\n产品服务要永远将客户需求置于最紧要位置，技术实力要紧跟市场步伐，切实解决客户疑难，才能持续输出稳定可靠、性价比高、更具竞争力的胶产品。\r\n\r\n作为技术“领头雁”，为了将水性压敏胶推向极具价值的建材市场，刘明珠和销售人员一起，四处奔波，实地考察与信息收集。他们总结了保护膜厂商的共性特点、厂地分布、生产成本、保护膜性能时长等不同需求，为客户量身定制最佳实用方案。刘明珠还亲自指导产线工人完成水性压敏胶的配制，手把手教会涂布班组完成烘道温度、风量、涂布速度等参数的调整，耐心解答客户提出的每一个疑问，使客户涂布效率提高50%以上，涂布稳定性大大提升。\r\n\r\n濯濯晨露香，明珠何联联。喜欢读书、郊游、健身的刘明珠，在“胶”的世界里始终怀揣一颗赤诚之心，带着伙伴们在技术创新上收获累累硕果。这颗明珠怀揣初心和梦想，在继承与创新中成熟，始终保持干事创业的热忱，在努力进取中持续绽放着光芒。（席玲）', '2023-4-15');
INSERT INTO `news` VALUES (19, '分类3', '“既然干，就要干到最好”——记一院211厂23车间导管组组长吴鹏', 'null', '28年来，航天科技集团一院211厂23车间导管组组长吴鹏参与完成过厂现役所有型号运载火箭的管路取样弯制工作，是名副其实的“弯管大拿”。\r\n\r\n1995年，26岁的吴鹏从北京丰台铁路车辆段调入厂23车间，成为导管工学徒。为了练好手上功夫，他不停琢磨和练习如何用力、如何确保弯管角度等基本功，揣摩着各种材料的回弹特性。练习过程中，他还会观察其他老师傅是怎么干的，将他们的操作要点默默记下。很快，他就在同龄人中脱颖而出，成为车间导管取样的中坚力量。\r\n\r\n有人夸吴鹏的手就是尺。有些无法测量的角度，他仅凭手感就能将位置找正。这是因为吴鹏数十年如一日沉浸在导管的世界，把各种材料的特点深深烙在了心里。\r\n\r\n吴鹏一直保持着勤于思考、刻苦钻研的习惯，23车间导管工位上有个属于他的“百宝箱”，里面摆放了形状各异、大大小小的物件。“这些可都是宝贝，每一个在生产过程中都有不同的作用，是我通过多年经验积累，根据不同型号不同形状的导管特点自制的小工装，分别起到固定、找位置、弯制模具等作用。”吴鹏拿起自制工装边演示边介绍。\r\n\r\n在重型运载火箭发动机研制过程中，需要对多个管路进行弯制取样。由于这是从未有过生产经验的新产品，吴鹏自告奋勇挑起大梁，可接到任务后才发现，管路还是熟悉的管路，但材料由原来的铝合金和不锈钢变成一种新型材料。这种材料相比前者硬度和弹性都变强不少，跟导管打了多年交道的吴鹏用了一切办法，也无法将其“征服”。\r\n\r\n通过反复观察对比，吴鹏发现问题可能出现在机床上。于是，他立刻与车间工艺员和产品研发部的技术人员进行沟通探讨，根据产品尺寸共同绘制出新的工装图纸，待到工装做好后果然“药到病除”。\r\n\r\n在一线岗位上的一万多个日日夜夜，吴鹏和他的同事们用心为各型火箭弯制取样各类导管。他也从一名小学徒一步步成长为技术能手。他明白想要成为一名优秀的导管工需要付出多少辛苦与汗水，也更理解“一枝独秀不是春，百花齐放春满园”的道理。\r\n\r\n作为班组长，吴鹏的身后有一支年轻的装配队伍，他总说：“一个人的水平再高，在航天这个系统工程里也是有限的。要通过个人带动整个班组能力提升，那才是真正的价值。”“传帮带”是吴鹏的责任，更是他多年积累的严谨细致和突破进取精神的传承。\r\n\r\n或许随着时代的发展，越来越多的导管将由预制生产替代人工取样弯制，但历史不会忘记一代代航天人为航天事业发展作出的贡献。（张津玮）', '2023-4-15');
INSERT INTO `news` VALUES (20, '分类3', '“佛系男孩”的反转魅力——记四院7414厂2车间精加单元班组长仝宝强', 'null', '数控团队中的“技术担当”、精加单元里的“宝藏男孩”、生产一线上的“完美主义者”、科研生产线上不可或缺的中坚力量，是航天科技集团四院7414厂2车间精加单元班组长仝宝强给人的印象。\r\n\r\n2车间精加单元是一个全工序的封闭式加工单元，大部分生产任务都是车间型号任务中的关键配套零部件。压力测试开展以来，生产任务激增，精加单元的全体人员随着车间任务连轴转。如何提高生产效率，快一点，再快一点进行任务周转，尽可能减轻组员的负担，是仝宝强一闲下来就不断思考的问题。\r\n\r\n作为班组中的“攻关达人”，仝宝强稍有休息时间就钻到设备前进行实验论证。他对车铁加工中心的动力头及C轴进行开发，实现了产品一次装夹完成车、钻、铁等工序，使型号加工效率提高了1.5倍。\r\n\r\n“他身上有着很多反转魅力，平时看着‘佛系’又淡然的性子，一到了工作上就瞬间切换为‘零失误’完美主义者。”同事们这样评价。\r\n\r\n面对车间新研新制产品，仝宝强不厌其烦地对加工前刀具、工装进行核对。加工过程中的参数调整、点位校对、程序优化，每处细微的变动，他都会提前进行加工模拟，一一确认，保证首件产品加工的零失误。尽管工作已如此细致，他仍不会掉以轻心，在首台产品顺利三检后，还会再次进行加工方法的优化和调整，自制检测样板进行确认，全方位保证产品质量过程可控，最终提高产品的加工质量及加工效率。\r\n\r\n仝宝强带领的“数控80团队”是车间最年轻的一支队伍，车间总戏称他们为“超级天团”。“队伍中清一色的都是年轻小伙子，个个都身怀绝技，每次紧急关头总能挺身而出，率先开辟出一条加速通道，为车间科研生产保驾护航。”车间领导这样说。作为“超级天团”的“灵魂”人物，仝宝强身上的坚韧影响着队伍中的每一个人。在车间“全力保交付”劳动竞赛中，仝宝强率领这支队伍披荆斩棘，任何时候、任何任务、任何“难啃的骨头”，都在他们手里严格按照车间生产计划稳步推进，按时完成。（吕婧）', '2023-4-15');
INSERT INTO `news` VALUES (21, '分类3', '图说：嫦娥五号月球样品研究成果（上）', 'null', '<img src=\"http://www.clep.org.cn/n5982064/c6841887/part/6799408.jpg\">', '2023-4-15');
INSERT INTO `news` VALUES (22, '分类3', '长五B知多少：“冰箭”不冷的秘密', 'http://www.cmse.gov.cn/xwzx/202210/W020221025423986552857.jpg', '<div class=\"article\" id=\"dochtmlcon\" style=\"display:none\">\r\n    <div class=TRS_Editor>\r\n        <div>2022年10月25日，梦天实验舱与长征五号B遥四运载火箭舱箭组合体已转运至发射区，计划于近日择机实施发射。在空间站阶段，长征五号B运载火箭已成功将天和核心舱、问天实验舱送入太空。它因“肚子”里装了满满的深低温液氢液氧燃料，所以又被称为“冰箭”。今天我们就一同了解。</div>\r\n        <div>&nbsp;</div>\r\n        <div style=\"text-align: center;\"><img fromphoto=\"1\" border=\"0\" photodocid=\"51138\" src=\"http://www.cmse.gov.cn/xwzx/202210/W020221025423986552857.jpg\" alt=\"\" OLDSRC=\"W020221025423986552857.jpg\" /></div>\r\n        <div>&nbsp;</div>\r\n        <div>&nbsp;</div>\r\n        <div>&nbsp;</div>\r\n        <div>&nbsp;</div>\r\n        <div style=\"text-align: center;\"><b>火箭“体内”燃料温度接近绝对零度</b></div>\r\n        <div style=\"text-align: center;\">&nbsp;</div>\r\n        <div>长征五号B运载火箭是我国低轨运载能力最强的火箭。它的体重接近900吨，而其中90%以上的重量为深低温液氢液氧燃料。它周身冰冷，由此得名“冰箭”。</div>\r\n        <div>&nbsp;</div>\r\n        <div>&nbsp;</div>\r\n        <div>长征五号B运载火箭使用液氢液氧推进剂，燃烧后产生的是水，无毒无污染，产生的推力也更大。其中，液氧的温度达-183℃，液氢的温度可达-253℃，已经接近绝对零度了，而绝对零度，正是自然界温度不可能达到的最低温度。</div>\r\n        <div>&nbsp;</div>\r\n        <div style=\"text-align: center;\"><img fromphoto=\"1\" border=\"0\" photodocid=\"51142\" src=\"http://www.cmse.gov.cn/xwzx/202210/W020221025424194382913.jpg\" alt=\"\" OLDSRC=\"W020221025424194382913.jpg\" /></div>\r\n        <div>&nbsp;</div>\r\n        <div>&nbsp;</div>\r\n        <div>&nbsp;</div>\r\n        <div>&nbsp;</div>\r\n        <div style=\"text-align: center;\"><b>“防寒服”有“里”有“面”</b></div>\r\n        <div style=\"text-align: center;\">&nbsp;</div>\r\n        <div>那么，“冰箭”是如何防寒的呢？科研人员为长征五号B运载火箭的贮箱研制了一件“防寒服”，使其外表面温度可以一直保持在0℃以上，火箭内部的仪器、设备、电缆等也可以正常工作。</div>\r\n        <div>&nbsp;</div>\r\n        <div>&nbsp;</div>\r\n        <div>&nbsp;</div>\r\n        <div>“防寒服”一共只有十几毫米厚，却是让箭体保持体温的“利器”，说它是“防寒服”，还真是名副其实。这件“衣服”有“里”有“面”，能使火箭在燃料加注以及飞行过程中，外表面温度保持在0℃以上，从而避免火箭仪器、电缆等受极低温影响产生功能异常。</div>\r\n        <div>&nbsp;</div>\r\n        <div>&nbsp;</div>\r\n        <div>“防寒服”中间的“棉花”层是低密度材料，如果它直接涂在贮箱金属表面，贮箱受冷收缩时，“棉花”层因收缩性能比金属小，会导致脱粘，影响绝热效果，因此研制人员给“防寒服”设计了“里”和“面”来保护“棉花”层。</div>\r\n        <div>&nbsp;</div>\r\n        <div>&nbsp;</div>\r\n        <div>“防寒服”的“里”仅有零点几毫米厚，比“棉花”层更适应金属材料的热胀冷缩，且能同时与金属材料的贮箱和“棉花”完美贴合。</div>\r\n        <div>&nbsp;</div>\r\n        <div>&nbsp;</div>\r\n        <div>“防寒服”的“面”可以保护“棉花”不吸收外界水气、不被损坏，更好地发挥绝热性能。</div>\r\n        <div>&nbsp;</div>\r\n        <div>&nbsp;</div>\r\n        <div>“防寒服”里最主要的材料叫做“低密度全闭孔聚氨酯泡沫塑料”，由近十种原材料按照一定的配比高速撞击混合反应而成，这些液体材料分成两组，就像“哥俩好”胶水一样，一旦混合，就会在几秒钟之内发生发泡反应、并快速固化成型。</div>\r\n        <div>&nbsp;</div>\r\n        <div style=\"text-align: center;\"><b>在“试衣间”里穿“防寒服”</b></div>\r\n        <div style=\"text-align: center;\">&nbsp;</div>\r\n        <div>穿上“防寒服”，可不是一件简单的事。为了给长征五号B运载火箭穿上这件“防寒服”，技术人员精心打造了专用的“试衣间”。</div>\r\n        <div>&nbsp;</div>\r\n        <div>&nbsp;</div>\r\n        <div>“试衣间”是个全密闭式温湿度可调节的操作室，里面有一套自动喷涂系统。在电脑中输入各种工艺参数，自动喷涂系统的机械臂便开始按照设定的路径运转。在机械臂末端的喷枪里有个碰撞混合腔，多组分的原材料在这里碰撞充分混合后被喷涂在火箭贮箱表面。</div>\r\n        <div>&nbsp;</div>\r\n        <div style=\"text-align: center;\"><img fromphoto=\"1\" border=\"0\" photodocid=\"51141\" src=\"http://www.cmse.gov.cn/xwzx/202210/W020221025424137796894.jpg\" alt=\"\" OLDSRC=\"W020221025424137796894.jpg\" /></div>\r\n        <div>&nbsp;</div>\r\n        <div>&nbsp;</div>\r\n        <div>&nbsp;</div>\r\n        <div>&nbsp;</div>\r\n        <div>&nbsp;</div>\r\n        <div style=\"text-align: center;\"><b>先拍照，再“裁衣”</b></div>\r\n        <div style=\"text-align: center;\">&nbsp;</div>\r\n        <div>火箭贮箱进入“试衣间”前，首先使用激光传感器给贮箱做一次型面测量，就像给贮箱拍了一张“3Ｄ照片”，所有的形状信息都包含在这张“照片”中，后续“裁剪衣服”时这张“照片”就会成为至关重要的基准面。</div>\r\n        <div>&nbsp;</div>\r\n        <div>&nbsp;</div>\r\n        <div>在“试衣间”里穿上的“衣服”只能算是毛坯，之后还要裁剪成合适的“样式”，即加工成厚度一致的平整外观。火箭结构的壁板厚度仅为几毫米，并且大尺寸薄壁工件不可避免地会有各种变形，在一个厚度几毫米但直径五米、长度十几米还易有各种变形的“大家伙”上，加工出一层十几毫米、厚度均匀的材料，就像是在一个大气球的表面雕刻花纹，稍有偏差气球就破了。那么，如何避免这个情况呢？此时，之前拍摄的“3D照片”就要大显神威了，科研人员自主开发的仿形加工系统依据之前拍摄的“3D照片”中所包含的型面信息，生成专用的加工程序，可以将这层喷涂好的毛坯加工出几乎完全一致的厚度。</div>\r\n        <div>&nbsp;</div>\r\n        <div>&nbsp;</div>\r\n        <div>各种复杂的工序全部完成后，“冰箭”的这款又薄又隔温的“防寒服”才算正式完成，它能在后续的火箭燃料加注以及飞行过程中有效隔绝深低温，让“冰箭”不惧严寒。</div>\r\n        <div>&nbsp;</div>\r\n        <div style=\"text-align: center;\"><img fromphoto=\"1\" border=\"0\" photodocid=\"51139\" src=\"http://www.cmse.gov.cn/xwzx/202210/W020221025424020486074.jpg\" alt=\"\" OLDSRC=\"W020221025424020486074.jpg\" /></div>\r\n        <div>&nbsp;</div>\r\n        <div>&nbsp;</div>\r\n        <div>&nbsp;</div>\r\n        <div>&nbsp;</div>\r\n        <div>&nbsp;</div>\r\n        <div>&nbsp;</div>\r\n        <div style=\"text-align: center;\">火箭已待</div>\r\n        <div style=\"text-align: center;\">&nbsp;</div>\r\n        <div style=\"text-align: center;\">梦天已至</div>\r\n        <div style=\"text-align: center;\">&nbsp;</div>\r\n        <div style=\"text-align: center;\">让我们共同期待</div>\r\n        <div style=\"text-align: center;\">&nbsp;</div>\r\n        <div style=\"text-align: center;\">此次任务的圆满成功</div>\r\n    </div>\r\n    <div class=\"pageSource_all\">（责任编辑：刘泽康）</div>\r\n</div>\r\n\r\n</div>', '2023-4-15');
INSERT INTO `news` VALUES (23, '分类3', '“火眼金睛”辨地球——天宫二号宽波段成像仪数据应用', 'null', '<div class=\"article\" id=\"dochtmlcon\" style=\"display:none\">\r\n    <div class=TRS_Editor>\r\n        <div class=\"content\" id=\"content\">\r\n            <!--<$[信息内容]>begin-->\r\n            <!--ZJEG_RSS.content.begin-->\r\n            <meta name=\"ContentStart\" />\r\n            <p style=\"text-indent: 2em\">党的十九大报告指出，要加快建设创新型国家。其中，“天宫”作为创新型国家建设中取得的重大科技成果和其他大国重器一起被写入了十九大报告。自去年9月15日发射入轨以来，天宫二号先后与神舟十一号载人飞船、天舟一号货运飞船交会对接，验证了航天员中期驻留、推进剂补加、在轨维修等空间站关键技术，为后续空间站工程奠定了基础。目前，“天宫二号”空间实验室仍然在稳定运行，继续开展拓展试验和各项科学实验。</p>\r\n            <p style=\"text-indent: 2em\">载人航天的历次巡天任务，都少不了在浩瀚的宇宙中从各个方位“感知”地球，为我们生活的地球拍照的项目。天宫二号里就有一台定制的高性能航天“数码相机”——宽波段成像仪。</p>\r\n            <p style=\"text-indent: 2em\">这台成像仪具有可见近红外、短波红外和热红外三个谱段，在400公里的轨道下，空间分辨率分别是100米、200米和400米，成像宽度可以达到300公里。有了它，“天宫二号”就像是拥有了“火眼金睛”，能够从多个方位对地球拍照。</p>\r\n            <p style=\"text-align: center\"><img width=\"335\" height=\"236\" border=\"0\" oldsrc=\"W020200302240605727690.jpg\" alt=\"\" src=\"http://www.cmse.gov.cn/xwzx/zhxw/201712/W020200302240605727690.jpg\" /></p>\r\n            <p style=\"text-align: center\"><strong>图1：宽波段成像仪示意图</strong></p>\r\n            <p style=\"text-indent: 2em\">自从2016年9月23日在轨运行以来，宽波段成像仪设备运行稳定，工作状态良好，获取了大量对地观测数据。</p>\r\n            <p style=\"text-indent: 2em\"><strong><br />\r\n    </strong></p>\r\n            <p style=\"text-indent: 2em\"><strong>图片展示：</strong></p>\r\n            <p style=\"text-align: center\"><img width=\"302\" height=\"344\" border=\"0\" oldsrc=\"W020200302240605720256.jpg\" alt=\"\" src=\"http://www.cmse.gov.cn/xwzx/zhxw/201712/W020200302240605720256.jpg\" /></p>\r\n            <p style=\"text-align: center\"><strong>图2：渤海湾附近的地区</strong></p>\r\n            <p style=\"text-indent: 2em\">上图展示了渤海湾附近的地区。灰白色的天津港位于渤海湾西部，经人工挖海建港、吹填造陆而成，深蓝色的狭长航道清晰可见。</p>\r\n            <p style=\"text-align: center\"><img width=\"303\" height=\"344\" border=\"0\" oldsrc=\"W020200302240605728263.jpg\" alt=\"\" src=\"http://www.cmse.gov.cn/xwzx/zhxw/201712/W020200302240605728263.jpg\" /></p>\r\n            <p style=\"text-align: center\"><strong>图3：新疆维吾尔自治区最东端</strong></p>\r\n            <p style=\"text-indent: 2em\">上图展示的地区位于新疆维吾尔自治区最东端，是新疆通向中国内地的要道，自古就是丝绸之路的咽喉，有“西域襟喉，中华拱卫”和“新疆门户”之称。</p>\r\n            <p style=\"text-align: center\"><img width=\"302\" height=\"344\" border=\"0\" oldsrc=\"W020200302240605729240.jpg\" alt=\"\" src=\"http://www.cmse.gov.cn/xwzx/zhxw/201712/W020200302240605729240.jpg\" /></p>\r\n            <p style=\"text-align: center\"><strong>图4：南美洲巴拉圭博克龙省的部分地区</strong></p>\r\n            <p style=\"text-indent: 2em\">上图展示了南美洲巴拉圭博克龙省的部分地区。该地区主要种植大豆、棉花、高粱和花生等作物，呈网格状排列的农田分布在地广人稀的草原上。</p>\r\n            <p style=\"text-indent: 2em\">宽波段成像仪承担着两个重要任务：一个是观海，另一个是测地。它所拍摄获取的数据能够观测海洋的水色和水温，通过进一步研究分析可以获得海洋中的叶绿素、悬浊物含量、海洋海岸水色变化等信息。这些信息不仅可以准确监测到赤潮等现象，还能够估计出浮游生物量和初级生产力，指导渔民出海作业等。成像仪的可见近红外谱段可用于农林生态、国土资源、冰川荒漠等土地利用/土地覆盖分类信息提取、内陆大型水体综合监测，以及突发性灾害监测等众多领域；此外，成像仪的短波红外谱段还可用于土壤湿度、农作物长势监测、云监测等；热红外谱段可用于地表温度反演、火灾监测等多个领域。</p>\r\n            <p style=\"text-indent: 2em\">例如，在省、市级别的国土资源土地覆盖类型分类方面，天宫二号宽波段成像仪能提供百米量级分辨率的重要数据支撑，有效提高研究区土地资源勘探效率，为当地合理组织土地利用与生产布局提供及时、可靠的依据。</p>\r\n            <p style=\"text-align: center\"><img width=\"372\" height=\"344\" border=\"0\" oldsrc=\"W020200302240605722646.jpg\" alt=\"\" src=\"http://www.cmse.gov.cn/xwzx/zhxw/201712/W020200302240605722646.jpg\" /></p>\r\n            <p style=\"text-align: center\"><strong>图5：辽宁省锦州市天宫二号宽波段成像仪可见红外图像</strong></p>\r\n            <p style=\"text-indent: 2em\">宽波段成像仪开展的海岸带变化监测，对科学地进行围填海规划和实施也有一定的指导意义，具有广阔的应用前景。</p>\r\n            <p style=\"text-align: center\"><img width=\"481\" height=\"469\" border=\"0\" oldsrc=\"W020200302240605736777.jpg\" alt=\"\" src=\"http://www.cmse.gov.cn/xwzx/zhxw/201712/W020200302240605736777.jpg\" /></p>\r\n            <p style=\"text-align: center\"><strong>图6：我国辽东湾部分沿海县市围填海分布变化监测</strong></p>\r\n            <p style=\"text-indent: 2em\">在生态环境状况评价方面，成像仪的数据能为决策部门科学地进行生态环境保护与修复提供支撑。</p>\r\n            <p style=\"text-align: center\"><img width=\"290\" height=\"391\" border=\"0\" oldsrc=\"W020200302240605739366.jpg\" alt=\"\" src=\"http://www.cmse.gov.cn/xwzx/zhxw/201712/W020200302240605739366.jpg\" /></p>\r\n            <p style=\"text-align: center\"><strong>图7：昆明市天宫二号遥感影像图</strong></p>\r\n            <p style=\"text-indent: 2em\">后续，研究人员还将持续开展“一带一路”沿线地区和重要开发地区的生态环境变化监测，为其生态建设提供有效的信息支撑。</p>\r\n            <meta name=\"ContentEnd\" />\r\n            <!--ZJEG_RSS.content.end-->\r\n            <!--<$[信息内容]>end-->\r\n        </div>\r\n        <div class=\"pageSource\">信息来源：\r\n            <!--<$[信息来源]>begin-->中国载人航天工程网\r\n            <!--<$[信息来源]>end-->\r\n        </div>\r\n        <div class=\"pageSource1\">（责任编辑：\r\n            <!--<$[信息录入人]>begin-->周雁\r\n            <!--<$[信息录入人]>end-->）</div>', '2023-4-15');
INSERT INTO `news` VALUES (24, '分类3', '神舟十五号载人飞船发射取得圆满成功 空间站关键技术验证和建造阶段12次发射任务全部完成', 'http://www.cmse.gov.cn/xwzx/202211/W020221130037368215657.jpg', '北京时间2022年11月29日23时08分，搭载神舟十五号载人飞船的长征二号F遥十五运载火箭在酒泉卫星发射中心点火发射，约10分钟后，神舟十五号载人飞船与火箭成功分离，进入预定轨道，航天员乘组状态良好，发射取得圆满成功。\r\n飞船入轨后，将按照预定程序与空间站组合体进行自主快速交会对接，神舟十五号航天员乘组将与神舟十四号航天员乘组进行在轨轮换。在空间站工作生活期间，航天员乘组将进行多次出舱活动，完成舱内外设备安装、调试、维护维修、组合体管理、空间科学与技术实（试）验等各项任务。\r\n这是我国载人航天工程立项实施以来的第27次飞行任务，也是进入空间站阶段后的第4次载人飞行任务。此次发射成功标志着空间站关键技术验证和建造阶段规划的12次发射任务全部圆满完成。自2021年4月底天和核心舱发射以来，工程全线充分发扬新型举国体制优势、大力弘扬“四个特别”的载人航天精神，始终坚持精心准备、精心组织、精心实施，仅用不到20个月时间，先后在文昌、酒泉两个发射场成功组织3次空间站舱段、4次载人飞船和4次货运飞船发射，同一发射场两次任务最短间隔仅12天。三十而立的载人航天工程用连战连捷、任务全胜的优异战绩，在探索浩瀚宇宙的新征程上跑出了中国航天的“加速度”。\r\n目前，空间站组合体已进入对接轨道，工作状态良好，满足与神舟十五号载人飞船交会对接和航天员进驻条件。', '2023-4-15');
INSERT INTO `news` VALUES (25, '分类4', '2023，那些载人航天两会声音', 'http://www.cmse.gov.cn/xwzx/202303/W020230314771276573386.jpg', '<div class=\"article\" id=\"dochtmlcon\" style=\"display:none\">\r\n    <div class=TRS_Editor>\r\n        <div>今年政府工作报告中再次提到载人航天，载人航天工程领域的代表委员们也发出了铿锵有力的“两会之声”，今天我们一同回顾。</div>\r\n        <div>&nbsp;</div>\r\n        <div style=\"text-align: center;\"><b>政府工作报告再次提到载人航天</b></div>\r\n        <div>科技创新成果丰硕。构建新型举国体制，组建国家实验室，分批推进全国重点实验室重组。一些关键核心技术攻关取得新突破，载人航天、探月探火、深海深地探测、超级计算机、卫星导航、量子信息、核电技术、大飞机制造、人工智能等领域创新成果不断涌现。全社会研发经费投入强度从2.1%提高到2.5%以上，科技进步贡献率提高到60%以上，创新支撑发展能力不断增强。</div>\r\n        <div style=\"text-align: center;\"><img fromphoto=\"1\" border=\"0\" photodocid=\"53105\" src=\"http://www.cmse.gov.cn/xwzx/202303/W020230314771283275755.png\" alt=\"\" OLDSRC=\"W020230314771283275755.png\" /></div>\r\n        <div>&nbsp;</div>\r\n        <div style=\"text-align: center;\"><b>全国政协委员 杨利伟</b></div>\r\n        <div style=\"text-align: center;\"><img fromphoto=\"1\" border=\"0\" photodocid=\"53104\" src=\"http://www.cmse.gov.cn/xwzx/202303/W020230314771276573386.jpg\" alt=\"\" OLDSRC=\"W020230314771276573386.jpg\" /></div>\r\n        <div style=\"text-align: center;\"><b>空间站将亮相更多新面孔</b></div>\r\n        <div>全国政协委员，国际宇航科学院院士，中国载人航天工程副总设计师杨利伟介绍，根据任务规划，今年将有两次载人航天发射任务，有两批共6名航天员进驻空间站。按照任务准备周期，通常会在执飞任务前的一年到一年半，完成飞行乘组选拔工作。今年执行任务的还将由第二批飞行过的航天员挑起大梁，第三批航天员也将开始逐步进入乘组，会有越来越多的新面孔亮相。</div>\r\n        <div>&nbsp;</div>\r\n        <div style=\"text-align: center;\"><b>中国航天技术处于国际第一梯队</b></div>\r\n        <div>中国航天在国际上已经属于第一梯队。中国载人航天工程从1992年立项，到今年走过30余年，经过几代航天人的不懈努力，从一人一天到多人多天，再到现在长达半年之久的在轨工作；从实验性、到应用性，再到现在的常态化运营期，中国载人航天完成“三步走”过程本身就是国家科技实力的很好体现。作为这一工程从无到有再到发展壮大的见证者、参与者，我也深切体会到一个领域科技足够强大后，能够带给一个国家国际地位、国民自信心和民族凝聚力的提升。</div>\r\n        <div>&nbsp;</div>\r\n        <div style=\"text-align: center;\"><b>第四批航天员选拔范围更广泛&nbsp; 选拔要求更为细化</b></div>\r\n        <div>伴随着我国载人航天工程的发展，要求空间站在轨航天员进行科学实验的操作越来越专业。针对工程发展的新要求，相应的对第四批航天员的岗位类型、专业要求和身体条件要求方面，都给予了更为细化的设计。依据其类型和承担任务的不同，对选拔标准设置了不同的要求，同时也扩展了选拔的范围。比如在第四批航天员中担任载荷专家序列的航天员，面向大学、科研机构及从事太空科学研究及应用的多行业人员开放。同时允许他们的身体条件比飞船驾驶员和飞船工程师要低一些，低度近视也被纳入可接受的范畴。</div>\r\n        <div>&nbsp;</div>\r\n        <div style=\"text-align: center;\"><b>全国政协委员 容易</b></div>\r\n        <div style=\"text-align: center;\"><b>长二F、新一代载人火箭&nbsp; 未来有这些“新动作”</b></div>\r\n        <div style=\"text-align: center;\"><img fromphoto=\"1\" border=\"0\" photodocid=\"53103\" src=\"http://www.cmse.gov.cn/xwzx/202303/W020230314771273244320.jpg\" alt=\"\" OLDSRC=\"W020230314771273244320.jpg\" /></div>\r\n        <div>全国政协委员、长征二号F运载火箭总设计师容易介绍，长征二号F运载火箭在未来10年，每年2次发射将成为常态。新一代载人运载火箭将在长二F火箭的基础上，加入智能飞行等多项新技术，进一步提升火箭可靠性，我国新一代载人火箭预计2027年首飞。</div>\r\n        <div>&nbsp;</div>\r\n        <div>&nbsp;</div>\r\n        <div style=\"text-align: center;\"><b>全国政协委员 王亚平</b></div>\r\n        <div style=\"text-align: center;\"><b>更好地运用新技术新媒介加强互动体验&nbsp; 提升科普教育质量</b></div>\r\n        <div style=\"text-align: center;\"><img fromphoto=\"1\" border=\"0\" photodocid=\"53102\" src=\"http://www.cmse.gov.cn/xwzx/202303/W020230314771268994890.jpg\" alt=\"\" OLDSRC=\"W020230314771268994890.jpg\" /></div>\r\n        <div>2013年6月，王亚平执行神舟十号载人飞行任务，成为我国首位“太空教师”。十年来，王亚平执行三次太空授课，参加了近百场青少年科普讲座、授课等科普活动。今年，作为全国政协委员，她为提升青少年科普教育质量，积极履职建言。她提出特别希望能成为一名筑梦人，为学生们播种下一颗一颗梦想的航天的种子，精心呵护，生根发芽。为了当好航天梦想的播种人，王亚平一直都在不断学习，积累利用训练间隙，王亚平在中小学走访调研中感到，应该更好地运用新技术新媒介加强互动体验，提升科普教育质量。</div>\r\n        <div>&nbsp;</div>\r\n        <div style=\"text-align: center;\"><b>全国人大代表 刘洋</b></div>\r\n        <div style=\"text-align: center;\"><b>加强人才引进与建设&nbsp; 为强军兴军做贡献</b></div>\r\n        <div style=\"text-align: center;\"><b><img fromphoto=\"1\" border=\"0\" photodocid=\"53101\" src=\"http://www.cmse.gov.cn/xwzx/202303/W020230314771264688093.png\" alt=\"\" OLDSRC=\"W020230314771264688093.png\" /><br />\r\n</b></div>\r\n        <div>全国人大代表刘洋，是我国第一位进入太空的女航天员。今年，她把重点放在了关注加强军队人才引进和人才队伍建设上。她表示，打通人才引进的绿色通道，加快人才引进机制进程，并在培养人才的时候可以军地共建人才库，培养部队需要的高精尖缺人才。比如，最初招收航天员的时候，都是从飞行员当中招，但是现在我们的空间站建成了，我们有大量的科学实验，需要专精的人才，我们就招收了随船工程师和载荷专家。</div>\r\n        <div>&nbsp;</div>\r\n        <div>&nbsp;</div>\r\n        <div>今年两会期间，载人航天领域代表委员积极建言献策，获得媒体广泛关注。太空探索永无止境，未来，祝福中国载人航天取得更多辉煌成就。</div>\r\n    </div>\r\n    <div class=\"pageSource_all\">（责任编辑：郝祎咛）</div>\r\n</div>\r\n\r\n</div>\r\n<!-- 内容区结束 -->', '2023-4-15');
INSERT INTO `news` VALUES (26, '分类4', '我国载人航天工程开启空间站应用与发展新篇章', 'null', '中国空间站已全面建成，我国载人航天工程“三步走”发展战略已从构想成为现实。目前，空间站组合体在轨稳定运行，神舟十五号航天员乘组状态良好，计划于今年6月返回地面。当前，工程全面进入空间站应用与发展新阶段。\r\n\r\n2023年是空间站应用与发展新阶段开局之年，根据任务安排，今年将组织发射天舟六号货运飞船、神舟十六号、神舟十七号载人飞船，这是中国空间站全面建成、转入应用与发展新阶段后的首批飞行任务。目前，天舟六号货运飞船已完成出厂有关工作、运往文昌航天发射场，计划于今年5月实施发射。执行2次载人飞行的航天员乘组已经选定，正在开展任务训练。\r\n\r\n我国一贯坚持和平利用、平等互利、共同发展的原则，致力于将中国空间站打造成为面向国际社会的、开放的科技合作交流平台。中国载人航天工程办公室与联合国外空司共同遴选的首批实验项目，计划于今年开始陆续上行，在中国空间站开展实验研究。\r\n\r\n在实施空间站应用与发展阶段任务的同时，工程也在全力推进载人月球探测任务，目前已完成载人月球探测关键技术攻关和方案深化论证，今年将全面开展登月阶段各项研制建设工作。\r\n\r\n（责任编辑：刘泽康）', '2023-4-15');
INSERT INTO `news` VALUES (27, '分类4', '聚焦两会|代表委员的“飞天路”', 'http://www.cmse.gov.cn/xwzx/202303/W020230313304170779325.gif', '<div class=TRS_Editor>\r\n    <div>聚焦2023年全国两会，作为代表委员，航天员杨利伟、费俊龙、刘洋、王亚平又有着怎样的“飞天”历程呢？今天，我们一同回顾。</div>\r\n    <div style=\"text-align: center;\">&nbsp;</div>\r\n    <div style=\"text-align: center;\"><b>杨利伟</b></div>\r\n    <div style=\"text-align: center;\"><img fromphoto=\"1\" border=\"0\" photodocid=\"53083\" src=\"http://www.cmse.gov.cn/xwzx/202303/W020230313288502987663.jpg\" alt=\"\" OLDSRC=\"W020230313288502987663.jpg\" /></div>\r\n    <div>1998年1月，杨利伟正式加入航天员大队。</div>\r\n    <div>2003年10月15日5时20分，航天员出征仪式在酒泉卫星发射中心问天阁举行。杨利伟在鲜花和掌声的簇拥之下坐上前往发射场的专车。</div>\r\n    <div style=\"text-align: center;\"><img fromphoto=\"1\" border=\"0\" photodocid=\"53082\" src=\"http://www.cmse.gov.cn/xwzx/202303/W020230313288498027220.jpg\" alt=\"\" OLDSRC=\"W020230313288498027220.jpg\" /></div>\r\n    <div>上午9时整，中国第一艘载人飞船神舟五号从酒泉卫星发射中心搭乘长征二号F运载火箭发射升空这是中国首次实施载人航天飞行。</div>\r\n    <div>杨利伟在轨展示了鲜艳的五星红旗和联合国旗帜，这是中国人首次将五星红旗带到太空。从此，太空中多了一抹中国红！</div>\r\n    <div style=\"text-align: center;\"><img src=\"http://www.cmse.gov.cn/xwzx/202303/W020230313304170779325.gif\" style=\"border-width: 0px;\" alt=\"\" OLDSRC=\"W020230313304170779325.gif\" /></div>\r\n    <div>那时候带上“神五”的食品都是即食食品，不需要加热或加水。</div>\r\n    <div style=\"text-align: center;\"><img src=\"http://www.cmse.gov.cn/xwzx/202303/W020230313304170929673.gif\" style=\"border-width: 0px;\" alt=\"\" OLDSRC=\"W020230313304170929673.gif\" /></div>\r\n    <div>10月16日6点23分，飞船在轨飞行了14圈后，返回舱在内蒙古四子王旗成功着陆。当杨利伟从返回舱出来的那一刻，全国人民为之沸腾。神舟五号载人飞行任务的圆满成功，标志着中国成为第三个独立掌握载人航天技术的国家。</div>\r\n    <div style=\"text-align: center;\"><img src=\"http://www.cmse.gov.cn/xwzx/202303/W020230313304170997214.gif\" style=\"border-width: 0px;\" alt=\"\" OLDSRC=\"W020230313304170997214.gif\" /></div>\r\n    <div>&nbsp;</div>\r\n    <div style=\"text-align: center;\"><b>费俊龙</b></div>\r\n    <div>1998年1月，费俊龙正式加入航天员大队。</div>\r\n    <div>2005年10月12日，费俊龙与聂海胜一起，冒着风雪奉命出征，搭乘神舟六号飞船进入太空。</div>\r\n    <div style=\"text-align: center;\"><img fromphoto=\"1\" border=\"0\" photodocid=\"53081\" src=\"http://www.cmse.gov.cn/xwzx/202303/W020230313288493248509.jpg\" alt=\"\" OLDSRC=\"W020230313288493248509.jpg\" /></div>\r\n    <div>这是我国发射的第二艘载人飞船，此次任务实现了“成功发射、正常飞行、安全返回、航天员健康出舱”的任务目标，掌握了环境控制与生命保障、飞行器控制、航天医学保障等载人飞船“多人多天”在轨飞行关键技术，首次开展了真正意义上有人参与的空间科学实验。</div>\r\n    <div style=\"text-align: center;\"><img fromphoto=\"1\" border=\"0\" photodocid=\"53080\" src=\"http://www.cmse.gov.cn/xwzx/202303/W020230313288487551009.jpg\" alt=\"\" OLDSRC=\"W020230313288487551009.jpg\" /></div>\r\n    <div>2005年10月17日，费俊龙与聂海胜一起安全返回地面，并再次开启了17年如一日的备战旅程。</div>\r\n    <div>2022年11月28日，费俊龙作为神舟十五号航天员乘组指令长再次亮相中外媒体记者见面会，会上他说：“我能够再次为祖国出征太空，我感到非常自豪、无比激动。”次日，他带着党和人民的期望重托与邓清明、张陆一起奔向“天宫”，踏上为期六个月的飞天圆梦之旅。</div>\r\n    <div style=\"text-align: center;\"><img fromphoto=\"1\" border=\"0\" photodocid=\"53079\" src=\"http://www.cmse.gov.cn/xwzx/202303/W020230313288483236944.jpg\" alt=\"\" OLDSRC=\"W020230313288483236944.jpg\" /></div>\r\n    <div>从首个在太空“翻筋斗”的中国人，到见证中国人自己的空间站正式建成，他说：“虽然我们乘组是执行任务乘组当中平均年龄最大的。不过在我看来，年龄虽然最大，但是我们的飞天本领一直保持在‘青春状态’”。</div>\r\n    <div style=\"text-align: center;\">\r\n        <a href=\"http://www.cmse.gov.cn/xwzx/202303/W020230313294904580884.jpg\" target=\"_blank\" OLDSRC=\"W020230313294904580884.jpg\"><img fromphoto=\"1\" border=\"0\" photodocid=\"53078\" src=\"http://www.cmse.gov.cn/xwzx/202303/W020230313288479946187.jpg\" alt=\"\" OLDSRC=\"W020230313288479946187.jpg\" /></a>\r\n    </div>\r\n    <div>如今，神舟十五号航天员乘组太空出差日程过半，费俊龙的飞天本领也正如他所说，保持在“青春状态”。</div>\r\n    <div style=\"text-align: center;\"><img fromphoto=\"1\" border=\"0\" photodocid=\"53077\" src=\"http://www.cmse.gov.cn/xwzx/202303/W020230313288475735930.jpg\" alt=\"\" OLDSRC=\"W020230313288475735930.jpg\" /></div>\r\n    <div>&nbsp;</div>\r\n    <div style=\"text-align: center;\"><b>刘洋</b></div>\r\n    <div>2010年5月，刘洋正式加入航天员大队。</div>\r\n    <div style=\"text-align: center;\"><img fromphoto=\"1\" border=\"0\" photodocid=\"53091\" src=\"http://www.cmse.gov.cn/xwzx/202303/W020230313288892039546.jpg\" alt=\"\" OLDSRC=\"W020230313288892039546.jpg\" /></div>\r\n    <div>2012年6月16日，随着神舟九号载人飞船一飞冲天，刘洋的太空梦终于实现，她也成为我国首位进入太空的女性。填补了我国女性航天飞行的空白，向全世界展示了中国女性的良好形象，进一步扩大了载人航天工程的社会影响。</div>\r\n    <div style=\"text-align: center;\"><img fromphoto=\"1\" border=\"0\" photodocid=\"53090\" src=\"http://www.cmse.gov.cn/xwzx/202303/W020230313288885948860.png\" alt=\"\" OLDSRC=\"W020230313288885948860.png\" /></div>\r\n    <div>10年后的2022年6月5日，刘洋作为神舟十四号乘组航天员与陈冬、蔡旭哲一起奔赴太空，亲身参与和见证了太空家园的建造过程。</div>\r\n    <div style=\"text-align: center;\"><img fromphoto=\"1\" border=\"0\" photodocid=\"53092\" src=\"http://www.cmse.gov.cn/xwzx/202303/W020230313301364169510.jpg\" alt=\"\" OLDSRC=\"W020230313301364169510.jpg\" /></div>\r\n    <div>在轨6个月期间，她与乘组协同完成空间站舱内外相关设施设备的安装调试工作，开展一系列空间科学实验与技术试验；圆满完成出舱活动，在太空中留下飒爽的女性身影；成为新晋“太空教师”，面向全国讲授“天宫课堂”太空科普课......</div>\r\n    <div style=\"text-align: center;\"><img fromphoto=\"1\" border=\"0\" photodocid=\"53089\" src=\"http://www.cmse.gov.cn/xwzx/202303/W020230313288878898467.jpg\" alt=\"\" OLDSRC=\"W020230313288878898467.jpg\" /></div>\r\n    <div>“难忘天上宫阙，更念祖国家园。回到祖国怀抱很踏实、很安心，见到亲人同胞很激动、很亲切！中国航天永远值得期待！”这是刘洋在安全返回后的感受，也是她对中国载人航天最美好的祝福。</div>\r\n    <div>&nbsp;</div>\r\n    <div style=\"text-align: center;\"><b>王亚平</b></div>\r\n    <div>2010年5月，王亚平正式加入航天员大队。</div>\r\n    <div>作为首位“太空教师”，王亚平的飞天之旅在2013年开启。2013年6月11日17时38分，王亚平与聂海胜、张晓光一起搭乘神舟十号载人飞船出征太空。</div>\r\n    <div style=\"text-align: center;\"><img src=\"http://www.cmse.gov.cn/xwzx/202303/W020230313304171081449.gif\" style=\"border-width: 0px;\" alt=\"\" OLDSRC=\"W020230313304171081449.gif\" /></div>\r\n    <div>6月20日，航天员王亚平在聂海胜、张晓光协助下开展了首次实时太空授课。</div>\r\n    <div style=\"text-align: center;\"><img src=\"http://www.cmse.gov.cn/xwzx/202303/W020230313304171123980.gif\" style=\"border-width: 0px;\" alt=\"\" OLDSRC=\"W020230313304171123980.gif\" /></div>\r\n    <div>在天宫一号里，王亚平讲解并演示了失重环境下的质量测量、单摆运动、陀螺实验、水膜实验和水球实验，成为了中国首位“太空教师”。</div>\r\n    <div style=\"text-align: center;\"><img src=\"http://www.cmse.gov.cn/xwzx/202303/W020230313304171140124.gif\" style=\"border-width: 0px;\" alt=\"\" OLDSRC=\"W020230313304171140124.gif\" /></div>\r\n    <div style=\"text-align: center;\">&nbsp;</div>\r\n    <div>6月26日，神舟十号飞船返回舱顺利降落在内蒙古中部主着陆场预定区域，王亚平和其他2名航天员一起平安健康出舱，结束了她的第一次“飞天之旅”。</div>\r\n    <div style=\"text-align: center;\"><img fromphoto=\"1\" border=\"0\" photodocid=\"53088\" src=\"http://www.cmse.gov.cn/xwzx/202303/W020230313288874013641.jpg\" alt=\"\" OLDSRC=\"W020230313288874013641.jpg\" /></div>\r\n    <div>再次出征，已是8年后。2021年10月15日，王亚平与翟志刚、叶光富一起开启空间站阶段飞天“接力跑”。</div>\r\n    <div style=\"text-align: center;\"><img fromphoto=\"1\" border=\"0\" photodocid=\"53087\" src=\"http://www.cmse.gov.cn/xwzx/202303/W020230313288869304317.jpg\" alt=\"\" OLDSRC=\"W020230313288869304317.jpg\" /></div>\r\n    <div>11月8日，王亚平和翟志刚在叶光富舱内配合支持下完成首次出舱活动，成为我国首位进行出舱活动的女航天员，迈出了中国女性舱外太空行走第一步。</div>\r\n    <div style=\"text-align: center;\"><img src=\"http://www.cmse.gov.cn/xwzx/202303/W020230313304171294098.gif\" style=\"border-width: 0px;\" alt=\"\" OLDSRC=\"W020230313304171294098.gif\" /></div>\r\n    <div>12月9日，“天宫课堂”第一课正式开讲。时隔8年，“太空教师”王亚平将“航天梦”的种子再度播撒在广大青少年心中。</div>\r\n    <div style=\"text-align: center;\"><img src=\"http://www.cmse.gov.cn/xwzx/202303/W020230313304171316370.gif\" style=\"border-width: 0px;\" alt=\"\" OLDSRC=\"W020230313304171316370.gif\" /></div>\r\n    <div>2022年3月22日，“天宫课堂”第二课如期而至，王亚平与其他两位“太空教师”一起将地面上看不到的奇特现象一幕幕展现在孩子们眼中。</div>\r\n    <div style=\"text-align: center;\"><img src=\"http://www.cmse.gov.cn/xwzx/202303/W020230313304171427948.gif\" style=\"border-width: 0px;\" alt=\"\" OLDSRC=\"W020230313304171427948.gif\" /></div>\r\n    <div>4月16日，神舟十三号返回舱在东风着陆场成功着陆，王亚平与其他2名航天员一起安全顺利出舱，“摘星星的妈妈”回来了。</div>\r\n    <div style=\"text-align: center;\"><img fromphoto=\"1\" border=\"0\" photodocid=\"53086\" src=\"http://www.cmse.gov.cn/xwzx/202303/W020230313288864675216.jpg\" alt=\"\" OLDSRC=\"W020230313288864675216.jpg\" /></div>\r\n    <div>&nbsp;</div>\r\n    <div style=\"text-align: center;\">飞天梦永无止境</div>\r\n    <div style=\"text-align: center;\">每一次创新和突破的背后</div>\r\n    <div style=\"text-align: center;\">都离不开</div>\r\n    <div style=\"text-align: center;\">载人航天全线工作者的艰苦奋斗</div>\r\n    <div style=\"text-align: center;\">勇毅前行，筑梦天宫</div>\r\n    <div style=\"text-align: center;\">致敬中国载人航天</div>\r\n</div>\r\n<div class=\"pageSource_all\">（责任编辑：郝祎咛）</div>\r\n</div>', '2023-4-15');
INSERT INTO `news` VALUES (28, '分类4', '神舟、天舟，同名为“舟”有何不同', 'http://www.cmse.gov.cn/xwzx/202302/W020230223316496546345.png', '<div class=TRS_Editor><div>关于神舟载人飞船和天舟货运飞船，你了解多少？2023年度载人航天飞行任务标识征集活动你参与了吗？同名为“舟”，有何不同？今天我们一同初步了解。</div>\r\n<div>&nbsp;</div>\r\n<div style=\"text-align: center;\"><b>命名，中国式浪漫</b></div>\r\n<div>● 1993年，参加飞船研制的各单位收到了“为中国飞船征集名称”的通知。很快，“华夏”“九州”“腾龙”“神舟”等众多带有中国特色的名称被推荐出来，1994年初，“神舟”这个名字最终从众多的方案中脱颖而出。从此，中国自主制造的载人飞船有了名字――“神舟”。</div>\r\n<div style=\"text-align: center;\"><a href=\"http://www.cmse.gov.cn/xwzx/202303/W020230223319774089533.png\" target=\"_blank\" oldsrc=\"W020230223319774089533.png\"><img fromphoto=\"1\" border=\"0\" photodocid=\"52799\" src=\"http://www.cmse.gov.cn/xwzx/202303/W020230223316496546345.png\" alt=\"\" oldsrc=\"W020230223316496546345.png\" /></a></div>\r\n<div>● 2011年4月，中国货运飞船名称征集活动面向社会公众正式启动。这期间，“天梭”“鲲鹏”“天舟”“神龙”“龙舟”“神骥”等名称脱颖而出，中国载人航天工程办公室在广泛征求了工程领导、专家和研制人员意见建议，并反复研究之后，最终确定货运飞船命名为“天舟”。</div>\r\n<div style=\"text-align: center;\"><img fromphoto=\"1\" border=\"0\" photodocid=\"52798\" src=\"http://www.cmse.gov.cn/xwzx/202303/W020230223316486586000.png\" alt=\"\" oldsrc=\"W020230223316486586000.png\" /></div>\r\n<div style=\"text-align: center;\"><b>运送，作用不同</b></div>\r\n<div>● 神舟载人飞船主要作用是运送航天员乘组进入空间轨道和安全返回地面，并具备少量有效载荷上/下行运输能力。</div>\r\n<div style=\"text-align: center;\"><img fromphoto=\"1\" border=\"0\" photodocid=\"52797\" src=\"http://www.cmse.gov.cn/xwzx/202303/W020230223316479295950.jpg\" alt=\"\" oldsrc=\"W020230223316479295950.jpg\" /></div>\r\n<div style=\"text-align: center;\"><img fromphoto=\"1\" border=\"0\" photodocid=\"52796\" src=\"http://www.cmse.gov.cn/xwzx/202303/W020230223316474745224.jpg\" alt=\"\" oldsrc=\"W020230223316474745224.jpg\" /></div>\r\n<div>● 天舟货运飞船主要作用是上行航天员驻留物资、舱外服等出舱消耗物资；保障平台安全运行的维修备件和推进剂、应用任务各类载荷和样品；并下行在轨废弃物。</div>\r\n<div style=\"text-align: center;\"><img fromphoto=\"1\" border=\"0\" photodocid=\"52795\" src=\"http://www.cmse.gov.cn/xwzx/202303/W020230223316468129100.png\" alt=\"\" oldsrc=\"W020230223316468129100.png\" /></div>\r\n<div style=\"text-align: center;\"><img src=\"http://www.cmse.gov.cn/xwzx/202303/W020230223325088847761.gif\" style=\"border-width: 0px;\" alt=\"\" oldsrc=\"W020230223325088847761.gif\" /></div>\r\n<div style=\"text-align: center;\"><b>发射，从两地升空</b></div>\r\n<div>● 大漠戈壁，寒风凛冽。酒泉卫星发射中心，见证着神舟系列载人飞船从这里发射升空。</div>\r\n<div style=\"text-align: center;\"><img fromphoto=\"1\" border=\"0\" photodocid=\"52794\" src=\"http://www.cmse.gov.cn/xwzx/202303/W020230223316461750037.jpg\" alt=\"\" oldsrc=\"W020230223316461750037.jpg\" /></div>\r\n<div style=\"text-align: center;\"><img fromphoto=\"1\" border=\"0\" photodocid=\"52793\" src=\"http://www.cmse.gov.cn/xwzx/202303/W020230223316453506534.png\" alt=\"\" oldsrc=\"W020230223316453506534.png\" /></div>\r\n<div style=\"text-align: center;\"><img fromphoto=\"1\" border=\"0\" photodocid=\"52792\" src=\"http://www.cmse.gov.cn/xwzx/202303/W020230223316445014389.jpg\" alt=\"\" oldsrc=\"W020230223316445014389.jpg\" /></div>\r\n<div>● 椰林海岛，风和日丽。位于海南省的文昌航天发射场，见证着天舟系列货运飞船，从这里发射升空。</div>\r\n<div style=\"text-align: center;\"><img fromphoto=\"1\" border=\"0\" photodocid=\"52791\" src=\"http://www.cmse.gov.cn/xwzx/202303/W020230223316439310001.jpg\" alt=\"\" oldsrc=\"W020230223316439310001.jpg\" /></div>\r\n<div style=\"text-align: center;\"><img fromphoto=\"1\" border=\"0\" photodocid=\"52807\" src=\"http://www.cmse.gov.cn/xwzx/202303/W020230223317254257064.jpg\" alt=\"\" oldsrc=\"W020230223317254257064.jpg\" /></div>\r\n<div style=\"text-align: center;\"><img fromphoto=\"1\" border=\"0\" photodocid=\"52806\" src=\"http://www.cmse.gov.cn/xwzx/202303/W020230223317249383328.jpg\" alt=\"\" oldsrc=\"W020230223317249383328.jpg\" /></div>\r\n<div style=\"text-align: center;\"><b>构型，三舱与两舱</b></div>\r\n<div>● 神舟载人飞船基本构型</div>\r\n<div>神舟载人飞船作为天地往返航天器，基本构型为三舱构型，舱段间采用可在飞行过程中分离的连接方式。以空间站阶段飞船构型为例，整船由轨道舱、返回舱、推进舱组成。</div>\r\n<div style=\"text-align: center;\"><img fromphoto=\"1\" border=\"0\" photodocid=\"52805\" src=\"http://www.cmse.gov.cn/xwzx/202303/W020230223317244872142.png\" alt=\"\" oldsrc=\"W020230223317244872142.png\" /></div>\r\n<div style=\"text-align: center;\"><img fromphoto=\"1\" border=\"0\" photodocid=\"52804\" src=\"http://www.cmse.gov.cn/xwzx/202303/W020230223317235619787.png\" alt=\"\" oldsrc=\"W020230223317235619787.png\" /></div>\r\n<div>● 天舟货运飞船基本构型</div>\r\n<div>天舟货运飞船总体构型设计以天宫空间实验室两舱构型方案为基础，充分继承了天宫空间实验室的既有技术成果，保持了舱内容积大、装载能力强的优势，由货物舱和推进舱组成。</div>\r\n<div style=\"text-align: center;\"><img fromphoto=\"1\" border=\"0\" photodocid=\"52803\" src=\"http://www.cmse.gov.cn/xwzx/202303/W020230223317224446755.png\" alt=\"\" oldsrc=\"W020230223317224446755.png\" /></div>\r\n<div style=\"text-align: center;\"><img fromphoto=\"1\" border=\"0\" photodocid=\"52802\" src=\"http://www.cmse.gov.cn/xwzx/202303/W020230223317218338140.png\" alt=\"\" oldsrc=\"W020230223317218338140.png\" /></div>\r\n<div style=\"text-align: center;\"><b>对接，端口不同</b></div>\r\n<div>● 2023年度载人飞行任务</div>\r\n<div>2023年5月计划发射神舟十六号载人飞船，对接于天和核心舱径向端口，形成三舱三船组合体（天和核心舱、问天实验舱、梦天实验舱、神舟十五号载人飞船、神舟十六号载人飞船、天舟六号货运飞船）；10月计划发射神舟十七号载人飞船，对接于天和核心舱前向端口，形成三舱三船组合体（天和核心舱、问天实验舱、梦天实验舱、神舟十六号载人飞船、神舟十七号载人飞船、天舟六号货运飞船）。</div>\r\n<div style=\"text-align: center;\"><img fromphoto=\"1\" border=\"0\" photodocid=\"52801\" src=\"http://www.cmse.gov.cn/xwzx/202303/W020230223317211539987.jpg\" alt=\"\" oldsrc=\"W020230223317211539987.jpg\" /></div>\r\n<div style=\"text-align: center;\"><font size=\"2\" face=\"仿宋\">1为对接于核心舱径向端口的神舟载人飞船，2为对接于核心舱前向端口的神舟载人飞船，3为对接于核心舱后向端口的天舟货运飞船</font></div>\r\n<div>● 2023年度天舟货运飞船飞行任务</div>\r\n<div>2023年5月计划发射天舟六号货运飞船，对接于天和核心舱后向端口，形成三舱两船组合体（天和核心舱、问天实验舱、梦天实验舱、神舟十五号载人飞船、天舟六号货运飞船）。</div>\r\n<div style=\"text-align: center;\"><img src=\"http://www.cmse.gov.cn/xwzx/202303/W020230223325088878350.gif\" style=\"border-width: 0px;\" alt=\"\" oldsrc=\"W020230223325088878350.gif\" /></div>\r\n<div>看完以上介绍，你是否对神舟载人飞船与天舟货运飞船有了初步了解？2023年度载人航天飞行任务标识征集活动已于近期开启，快来参与吧！发挥你的创意，也许入选的就是你哦~</div>\r\n<div style=\"text-align: center;\"><img fromphoto=\"1\" border=\"0\" photodocid=\"52800\" src=\"http://www.cmse.gov.cn/xwzx/202303/W020230223317203913879.png\" alt=\"\" oldsrc=\"W020230223317203913879.png\" /></div></div> <div class=\"pageSource_all\">（责任编辑：郝祎咛）</div></div>\r\n\r\n</div>\r\n<!-- 内容区结束 -->\r\n', '2023-4-15');
INSERT INTO `news` VALUES (29, '分类4', '接力腾飞的“圆梦乘组”，在轨出差过半！', 'http://www.cmse.gov.cn/xwzx/202303/W020230302604314304723.jpg', '<div class=TRS_Editor><div style=\"text-align: center;\">转眼间</div>\r\n<div style=\"text-align: center;\">“圆梦乘组”在轨已满三个月</div>\r\n<div style=\"text-align: center;\">与神舟十四号乘组完成在轨交接工作后</div>\r\n<div style=\"text-align: center;\">神舟十五号乘组航天员费俊龙、邓清明、张陆</div>\r\n<div style=\"text-align: center;\">开启了丰富多彩的太空生活</div>\r\n<div style=\"text-align: center;\">今天让我们一同回顾</div>\r\n<div>&nbsp;</div>\r\n<div style=\"text-align: center;\"><b>01 欢度新春</b></div>\r\n<div style=\"text-align: center;\">首次在太空过春节</div>\r\n<div style=\"text-align: center;\">“圆梦乘组”过年气氛十足</div>\r\n<div style=\"text-align: center;\"><img fromphoto=\"1\" border=\"0\" photodocid=\"52965\" src=\"http://www.cmse.gov.cn/xwzx/202303/W020230302604314304723.jpg\" alt=\"\" OLDSRC=\"W020230302604314304723.jpg\" /></div>\r\n<div style=\"text-align: center;\">写书法、贴春联</div>\r\n<div style=\"text-align: center;\">空间站被布置得焕然一新</div>\r\n<div style=\"text-align: center;\">三位航天员泼墨太空</div>\r\n<div style=\"text-align: center;\">留下一幅幅独一无二的书法作品</div>\r\n<div style=\"text-align: center;\"><img fromphoto=\"1\" border=\"0\" photodocid=\"52964\" src=\"http://www.cmse.gov.cn/xwzx/202303/W020230302604310555142.jpg\" alt=\"\" OLDSRC=\"W020230302604310555142.jpg\" /></div>\r\n<div style=\"text-align: center;\">吃年夜饭、看春晚</div>\r\n<div style=\"text-align: center;\">太空中的“年味儿”拉满</div>\r\n<div style=\"text-align: center;\">在零点钟声敲响后</div>\r\n<div style=\"text-align: center;\">“圆梦乘组”惊喜亮相</div>\r\n<div style=\"text-align: center;\">为人们送来了来自空间站的祝福</div>\r\n<div style=\"text-align: center;\"><img fromphoto=\"1\" border=\"0\" photodocid=\"52963\" src=\"http://www.cmse.gov.cn/xwzx/202303/W020230302604306392628.jpg\" alt=\"\" OLDSRC=\"W020230302604306392628.jpg\" /></div>\r\n<div>&nbsp;</div>\r\n<div style=\"text-align: center;\"><b>02 文化传播</b></div>\r\n<div style=\"text-align: center;\"><b><br />\r\n</b></div>\r\n<div style=\"text-align: center;\">\r\n<div style=\"text-align: center;\">春节期间</div>\r\n<div style=\"text-align: center;\">第二届“天宫画展”、“全球拍天宫”摄影作品展</div>\r\n<div style=\"text-align: center;\">相继在中国空间站正式开展</div>\r\n<div style=\"text-align: center;\">在万家团圆之际</div>\r\n<div style=\"text-align: center;\">太空出差的“圆梦乘组”给全国青少年送来了特别的“新年礼物”</div>\r\n<div>&nbsp;</div>\r\n</div>\r\n<div style=\"text-align: center;\"><span style=\"font-size: 12pt;\"><img fromphoto=\"1\" border=\"0\" photodocid=\"52962\" src=\"http://www.cmse.gov.cn/xwzx/202303/W020230302604299468956.png\" alt=\"\" OLDSRC=\"W020230302604299468956.png\" /><br />\r\n</span></div>\r\n<div style=\"text-align: center;\">这些绘画和摄影作品经过征集和筛选</div>\r\n<div style=\"text-align: center;\">最终随神舟十五号载人飞船<span style=\"font-size: 12pt;\">搭载进入中国空间站</span></div>\r\n<div style=\"text-align: center;\">由航天员向公众进行展示介绍</div>\r\n<div style=\"text-align: center;\"><img fromphoto=\"1\" border=\"0\" photodocid=\"52961\" src=\"http://www.cmse.gov.cn/xwzx/202303/W020230302604292670378.jpg\" alt=\"\" OLDSRC=\"W020230302604292670378.jpg\" /></div>\r\n<div style=\"text-align: center;\">此外</div>\r\n<div style=\"text-align: center;\">三名航天员首次从太空发来</div>\r\n<div style=\"text-align: center;\">今年三次载人航天飞行任务标识征集令</div>\r\n<div style=\"text-align: center;\">鼓励广大民众亲身参与到<span style=\"font-size: 12pt;\">这项“上天”的大项目中来</span></div>\r\n<div style=\"text-align: center;\"><span style=\"font-size: 12pt;\"><img fromphoto=\"1\" border=\"0\" photodocid=\"52960\" src=\"http://www.cmse.gov.cn/xwzx/202303/W020230302604287933432.jpg\" alt=\"\" OLDSRC=\"W020230302604287933432.jpg\" /><br />\r\n</span></div>\r\n<div>&nbsp;</div>\r\n<div style=\"text-align: center;\"><b>03 出舱活动</b></div>\r\n<div style=\"text-align: center;\"><b><br />\r\n</b></div>\r\n<div style=\"text-align: left;\">\r\n<div style=\"text-align: center;\">“圆梦乘组”圆满完成中国空间站全面建成后的出舱活动</div>\r\n</div>\r\n<div style=\"text-align: center;\"><b><br />\r\n</b></div>\r\n<div style=\"text-align: center;\"><span style=\"font-size: 12pt;\"><img fromphoto=\"1\" border=\"0\" photodocid=\"52959\" src=\"http://www.cmse.gov.cn/xwzx/202303/W020230302604283916801.jpg\" alt=\"\" OLDSRC=\"W020230302604283916801.jpg\" /><br />\r\n</span></div>\r\n<div style=\"text-align: center;\">航天员出舱活动期间</div>\r\n<div style=\"text-align: center;\">天地间大力协同</div>\r\n<div style=\"text-align: center;\">舱内外密切配合</div>\r\n<div style=\"text-align: center;\">全过程顺利圆满</div>\r\n<div style=\"text-align: center;\"><img fromphoto=\"1\" border=\"0\" photodocid=\"52958\" src=\"http://www.cmse.gov.cn/xwzx/202303/W020230302604279595950.jpg\" alt=\"\" OLDSRC=\"W020230302604279595950.jpg\" /></div>\r\n<div style=\"text-align: center;\">按计划</div>\r\n<div style=\"text-align: center;\">航天员乘组还将开展出舱活动</div>\r\n<div>&nbsp;</div>\r\n<div style=\"text-align: center;\"><b>04 货物出舱</b></div>\r\n<div style=\"text-align: center;\">&nbsp;</div>\r\n<div style=\"text-align: left;\">\r\n<div style=\"text-align: center;\">空间站货物出舱安装任务也在陆续开展</div>\r\n<div style=\"text-align: center;\">能量粒子探测器、等离子体原位成像探测器等载荷</div>\r\n<div style=\"text-align: center;\">已完成出舱安装</div>\r\n</div>\r\n<div style=\"text-align: center;\">&nbsp;</div>\r\n<div style=\"text-align: center;\"><img fromphoto=\"1\" border=\"0\" photodocid=\"52957\" src=\"http://www.cmse.gov.cn/xwzx/202303/W020230302604275889862.jpg\" alt=\"\" OLDSRC=\"W020230302604275889862.jpg\" /></div>\r\n<div style=\"text-align: center;\">通过在轨航天员或地面操作</div>\r\n<div style=\"text-align: center;\">将需要出舱的货物送出舱外</div>\r\n<div style=\"text-align: center;\">突破掌握此项关键技术</div>\r\n<div style=\"text-align: center;\">可大幅提高舱内外货物交换效率</div>\r\n<div style=\"text-align: center;\">减少航天员出舱次数和工作量</div>\r\n<div>&nbsp;</div>\r\n<div style=\"text-align: center;\"><b>05 科学实验</b></div>\r\n<div style=\"text-align: center;\">在轨三个月期间</div>\r\n<div style=\"text-align: center;\">神舟十五号乘组利用</div>\r\n<div style=\"text-align: center;\">无容器、高微重力、变重力等科学实验柜</div>\r\n<div style=\"text-align: center;\">开展了一系列科学实验</div>\r\n<div style=\"text-align: center;\"><img fromphoto=\"1\" border=\"0\" photodocid=\"52973\" src=\"http://www.cmse.gov.cn/xwzx/202303/W020230302604990876633.jpg\" alt=\"\" OLDSRC=\"W020230302604990876633.jpg\" /></div>\r\n<div style=\"text-align: center;\">&nbsp;</div>\r\n<div style=\"text-align: left;\">\r\n<div style=\"text-align: center;\">对梦天实验舱高精度时频实验柜、超冷原子物理柜、高温材料科学实验柜在内的多个科学实验柜</div>\r\n<div style=\"text-align: center;\">进行了参数调优及性能测试</div>\r\n</div>\r\n<div style=\"text-align: center;\">&nbsp;</div>\r\n<div style=\"text-align: center;\"><span style=\"font-size: 12pt;\"><img fromphoto=\"1\" border=\"0\" photodocid=\"52972\" src=\"http://www.cmse.gov.cn/xwzx/202303/W020230302604986982761.jpg\" alt=\"\" OLDSRC=\"W020230302604986982761.jpg\" /><br />\r\n</span></div>\r\n<div style=\"text-align: center;\">近日</div>\r\n<div style=\"text-align: center;\">神舟十五号航天员乘组使用</div>\r\n<div style=\"text-align: center;\">由我国自主研制的空间站双光子显微镜</div>\r\n<div style=\"text-align: center;\">开展在轨验证实验任务并取得成功</div>\r\n<div style=\"text-align: center;\"><img fromphoto=\"1\" border=\"0\" photodocid=\"52971\" src=\"http://www.cmse.gov.cn/xwzx/202303/W020230302604982625992.jpg\" alt=\"\" OLDSRC=\"W020230302604982625992.jpg\" /></div>\r\n<div style=\"text-align: center;\">&nbsp;</div>\r\n<div style=\"text-align: left;\">\r\n<div style=\"text-align: center;\">这是目前已知的世界首次在航天飞行过程中</div>\r\n<div style=\"text-align: center;\">使用双光子显微镜获取航天员皮肤表皮及真皮浅层的三维图像</div>\r\n</div>\r\n<div style=\"text-align: center;\">&nbsp;</div>\r\n<div style=\"text-align: center;\"><span style=\"font-size: 12pt;\"><img fromphoto=\"1\" border=\"0\" photodocid=\"52970\" src=\"http://www.cmse.gov.cn/xwzx/202303/W020230302604979430112.jpg\" alt=\"\" OLDSRC=\"W020230302604979430112.jpg\" /><br />\r\n</span></div>\r\n<div style=\"text-align: center;\">为未来开展航天员在轨健康监测研究</div>\r\n<div style=\"text-align: center;\">提供了全新工具</div>\r\n<div>&nbsp;</div>\r\n<div style=\"text-align: center;\"><b>06 在轨锻炼</b></div>\r\n<div style=\"text-align: center;\">为了更好地适应长期在轨驻留生活</div>\r\n<div style=\"text-align: center;\">三名航天员持续开展在轨锻炼</div>\r\n<div style=\"text-align: center;\">使用空间锻炼器械设备保持良好状态</div>\r\n<div style=\"text-align: center;\"><img fromphoto=\"1\" border=\"0\" photodocid=\"52969\" src=\"http://www.cmse.gov.cn/xwzx/202303/W020230302604975936433.jpg\" alt=\"\" OLDSRC=\"W020230302604975936433.jpg\" /></div>\r\n<div style=\"text-align: center;\">除了太空跑台 太空自行车</div>\r\n<div style=\"text-align: center;\">这类元老级锻炼装置</div>\r\n<div style=\"text-align: center;\">随梦天实验舱上行的抗阻锻炼装置</div>\r\n<div style=\"text-align: center;\">也能够帮助航天员进行多项基本体能锻炼动作</div>\r\n<div style=\"text-align: center;\"><img fromphoto=\"1\" border=\"0\" photodocid=\"52968\" src=\"http://www.cmse.gov.cn/xwzx/202303/W020230302604971905755.jpg\" alt=\"\" OLDSRC=\"W020230302604971905755.jpg\" /></div>\r\n<div style=\"text-align: center;\">航天员可以利用抗阻锻炼装置进行离心与向心运动锻炼</div>\r\n<div style=\"text-align: center;\">有效应对长期航天飞行中失重性肌肉萎缩和骨丢失的问题</div>\r\n<div style=\"text-align: center;\"><img fromphoto=\"1\" border=\"0\" photodocid=\"52967\" src=\"http://www.cmse.gov.cn/xwzx/202303/W020230302604967900014.jpg\" alt=\"\" OLDSRC=\"W020230302604967900014.jpg\" /></div>\r\n<div>&nbsp;</div>\r\n<div style=\"text-align: center;\"><b>07 拍摄美景</b></div>\r\n<div style=\"text-align: center;\">在繁忙工作之余</div>\r\n<div style=\"text-align: center;\">三位航天员还会透过舷窗拍摄舱外美景</div>\r\n<div style=\"text-align: center;\">与我们分享空间站视角的地球家园</div>\r\n<div style=\"text-align: center;\">表达自己的思念</div>\r\n<div style=\"text-align: center;\"><img fromphoto=\"1\" border=\"0\" photodocid=\"52966\" src=\"http://www.cmse.gov.cn/xwzx/202303/W020230302604964035856.jpg\" alt=\"\" OLDSRC=\"W020230302604964035856.jpg\" />&nbsp;</div>\r\n<div>&nbsp;</div>\r\n<div style=\"text-align: center;\">在轨三个月期间</div>\r\n<div style=\"text-align: center;\">“圆梦乘组”配合默契</div>\r\n<div style=\"text-align: center;\">工作紧张有序、生活丰富多彩</div>\r\n<div style=\"text-align: center;\">按计划开展了各项工作</div>\r\n<div style=\"text-align: center;\">取得了宝贵和丰富的阶段性成果</div>\r\n<div style=\"text-align: center;\">任务还在继续</div>\r\n<div style=\"text-align: center;\">让我们共同期待“圆梦乘组”</div>\r\n<div style=\"text-align: center;\"><span style=\"font-size: 12pt;\">太空出差后半程的精彩表现！</span><span style=\"font-size: 12pt;\">&nbsp;</span></div></div> <div class=\"pageSource_all\">（责任编辑：郝祎咛）</div></div>\r\n\r\n</div>\r\n<!-- 内容区结束 -->', '2023-4-15');
INSERT INTO `news` VALUES (30, '分类4', '“逐梦寰宇问苍穹——中国载人航天工程三十年成就展”在京正式开幕 首次全面系统面向公众展示工程发展历程和建设成就', 'http://www.cmse.gov.cn/xwzx/202302/W020230225400174629903.png', '<div class=TRS_Editor><div style=\"text-align: center;\"><img fromphoto=\"1\" border=\"0\" photodocid=\"52861\" src=\"http://www.cmse.gov.cn/xwzx/202303/W020230225400174629903.png\" alt=\"\" OLDSRC=\"W020230225400174629903.png\" /></div>\r\n<div>2023年2月24日下午，“逐梦寰宇问苍穹——中国载人航天工程三十年成就展”开幕式在中国国家博物馆西大厅举行。国家文化和旅游部、中国载人航天工程办公室、中国国家博物馆领导以及中国航天基金会、中国载人航天工程各系统总指挥和总设计师、航天员代表等出席开幕式。</div>\r\n<div style=\"text-align: center;\"><img fromphoto=\"1\" border=\"0\" photodocid=\"52860\" src=\"http://www.cmse.gov.cn/xwzx/202303/W020230225400167800284.jpg\" alt=\"\" OLDSRC=\"W020230225400167800284.jpg\" /></div>\r\n<div>1992年中国载人航天工程正式立项施，2022年圆满完成“三步走”战略任务，全面建成中国空间站，目前已正式进入空间站应用与发展阶段。经过三十年几代航天人的接续奋斗，历史性地实现了中华民族的千年飞天梦想，成功突破掌握了一系列关键核心技术，创造了重大飞行任务27战27捷的辉煌战绩，建成了命脉完全掌握在中国人自己手中的大国重器，走出了一条符合中国国情的载人航天发展道路，孕育了纳入中国共产党人精神谱系的伟大载人航天精神，拥有了与世界航天强国比肩发展的自信和能力，在建设航天强国、攀登科技高峰的征程上增添了又一座彪炳史册的“里程碑”，在浩瀚宇宙书写了用航天梦托举中国梦的壮丽篇章。</div>\r\n<div>&nbsp;</div>\r\n<div>成就展以“回望飞天路、奋进新征程”为主题，共分领导关怀、光辉历程、辉煌成就和发展展望四个板块，全面系统回顾工程全线三十年来自信自强、奋斗圆梦的辉煌历程，重点展示党的十八大以来，在以习近平同志为核心的党中央坚强领导下载人航天事业取得的跨越式发展和历史性成就，突出彰显出坚持党的领导、坚持新型举国体制、坚持走中国特色发展道路的巨大政治优势和实践伟力，生动展现了广大航天人特别能吃苦、特别能战斗、特别能攻关、特别能奉献的昂扬精神风貌。</div>\r\n<div>&nbsp;</div>\r\n<div>据介绍，本次展览为期3个月。主要展品包括可步入舱内参观的天和核心舱1:1模型，空间站组合体1:4模型，长征二号F、长征七号、长征五号B运载火箭、新一代载人运载火箭等模型，还有航天服、神舟十三号返回舱、火箭发动机、环控生保设备及飞行任务搭载的党旗等实物，新一代载人飞船及月面着陆器等未来载人登月主要飞行产品模型更是首次展出。展期内还将在国家博物馆组织多场载人航天科普教育活动，由航天专家介绍工程三十年发展历程和建设成就，航天员分享训练过程及执行飞行的经历感悟。举办此次展览旨在更好地展示航天发展成就、弘扬爱国主义精神、普及航天科技知识，让公众进一步深入了解载人航天，参与支持载人航天，激发公众特别是青少年崇尚科学、探索未知、追逐梦想的热情。</div></div> <div class=\"pageSource_all\">（责任编辑：郝祎咛）</div></div>\r\n\r\n</div>\r\n<!-- 内容区结束 -->', '2023-4-15');
INSERT INTO `news` VALUES (31, '要闻', '2023年中国航天日海报前20名公布', 'http://www.cnsa.gov.cn/n6758823/n6758838/c6842105/part/6799967.jpg', '<div class=\"conText\" style=\"margin:0 auto;width:1000px;\" id=\"ziti\">\r\n    <p>\r\n        <p>　　不久前，国家航天局面向社会公开征集2023年中国航天日海报，一个多月的时间里陆续收到非常多的优秀作品。</p>\r\n        <p><br />　　经过初步评审，选出了得票排名前20的海报作品，一起来欣赏欣赏</p>\r\n        <p style=\"text-align: center\"><br />　　作品编号：1</p>\r\n        <p style=\"text-align: center\"><img border=\"0\" alt=\"\" style=\"height: 1132px; width: 800px\" src=\"http://www.cnsa.gov.cn/n6758823/n6758838/c6842105/part/6799967.jpg\" /></p>\r\n        <p><br />　　画面上部分是具有典型中国传统文化特征的&ldquo;反弹琵琶&rdquo;飞天形象，代表古代中国对浩瀚宇宙的向往，以汉代画像砖中的后羿和龙车、宋代星相图、祥云等与之呼应，体现中国传统文化的博大精深和古代先民充满浪漫主义想象力和英雄主义实践精神的宇宙观。</p>\r\n        <p><br />　　中间部分为挥手致意的航天员及&ldquo;东方红&rdquo;卫星、长征系列火箭、&ldquo;天宫空间站&rdquo;&ldquo;祝融号&rdquo;&ldquo;嫦娥&rdquo;&ldquo;羲和&rdquo;等具有里程碑意义的中国航天元素，彰显航天人怀着对未来的希望和探索未知的决心，推动航天事业发展，致力航天强国建设的航天梦。</p>\r\n        <p><br />　　画面中间部分以剪影的形式描绘出一群向往科学、奔向未来的青少年形象。倡导为青少年营造健康成长、探索科学的环境和氛围，从而赓续续中国航天的血脉、不断推进航天事业的发展和人类探索宇宙的进程。</p>\r\n        <p><br />　　将极具中国传统文化特色的徽派建筑和迎客松融入画面，致敬2023年&ldquo;中国航天日&rdquo;的举办地安徽。</p>\r\n        <p style=\"text-align: center\"><br />　　作品编号：2</p>\r\n        <p style=\"text-align: center\"><img border=\"0\" alt=\"\" style=\"height: 1131px; width: 800px\" src=\"http://www.cnsa.gov.cn/n6758823/n6758838/c6842105/part/6799968.jpg\" /></p>\r\n        <p> </p>\r\n        <p><br />　　海报创作灵感源于安徽省徽派建筑&ldquo;马头墙&rdquo;，与剪纸艺术的表现手法相结合。中间是中式建筑六角窗，里面元素有：东方红1号、天宫二号空间站、祝融号、安徽省会合肥市地标建筑等。寓意2023年，中国航天事业将更上一层楼。</p>\r\n        <p style=\"text-align: center\"><br />　　作品编号：3</p>\r\n        <p style=\"text-align: center\"><img border=\"0\" alt=\"\" style=\"height: 1131px; width: 800px\" src=\"http://www.cnsa.gov.cn/n6758823/n6758838/c6842105/part/6799969.jpg\" /></p>\r\n        <p><br />　　以星空与书卷为灵感，书卷围绕星河，代表对宇宙探索的渴望和尊敬。</p>\r\n        <p><br />　　书卷上方绘制&ldquo;神舟十四号&rdquo;&ldquo;嫦娥五号&rdquo;&ldquo;祝融号&rdquo;&ldquo;羲和号&rdquo;等代表中国航天的发展。中部中国地图与航天员交相辉映，航天员以进入宇宙之姿呈现，拥抱宇宙，希望年轻航天员敢于追梦，蓄势待发努力实现梦想。下方为黄山及安徽塔，点题今年中国航天日的举办地安徽。</p>\r\n        <p style=\"text-align: center\"><br />　　作品编号：4</p>\r\n        <p style=\"text-align: center\"><img border=\"0\" alt=\"\" style=\"height: 1142px; width: 800px\" src=\"http://www.cnsa.gov.cn/n6758823/n6758838/c6842105/part/6799970.jpg\" /></p>\r\n        <p><br />　　以我国古代四大发明之一的&ldquo;指南针&rdquo;为画面源点，围绕指南针中心是数字&ldquo;30&rdquo;中&ldquo;0&rdquo;的位置，30代表2023年是国家航天局成立30周年。</p>\r\n        <p><br />　　以火箭发射为画面主体，指南针对应的二十八星宿环绕火箭周围，并将&ldquo;东方红卫星&rdquo;&ldquo;嫦娥&rdquo;&ldquo;祝融&rdquo;&ldquo;羲和&rdquo;&ldquo;天宫空间站&rdquo;、航天员等中国航天事业成果构成北斗七星排列，与指南针的&ldquo;瓷勺&rdquo;呼应，寓意火箭穿越古今与苍穹，弘扬中国航天不断进步探索的精神。</p>\r\n        <p><br />　　画面顶端以孔子拱手礼为虚像，强调格物致知的文化内涵，两侧袖袍为翻页书本变形，倡导青少年不断学习、敢于追梦。</p>\r\n        <p><br />　　背景光影变化、壁画质感、徽派建筑、祥云、科技电路板等图案结合，突出传统与现代科技的有机融合及安徽地域特色。</p>\r\n        <p style=\"text-align: center\"><br />　　作品编号：5</p>\r\n        <p style=\"text-align: center\"><img border=\"0\" alt=\"\" style=\"height: 1131px; width: 800px\" src=\"http://www.cnsa.gov.cn/n6758823/n6758838/c6842105/part/6799971.jpg\" /></p>\r\n        <p><br />　　以中国传统毛笔的笔触刻画了月球和祝融号，将中国传统与当代科技相结合，主题标语放在正上方，呼吁当代青年做事&ldquo;格物致知&rdquo;。</p>\r\n        <p style=\"text-align: center\"><br />　　作品编号：6</p>\r\n        <p style=\"text-align: center\"><img border=\"0\" alt=\"\" style=\"height: 1131px; width: 800px\" src=\"http://www.cnsa.gov.cn/n6758823/n6758838/c6842105/part/6799972.jpg\" /></p>\r\n        <p><br />　　画面主体为古代星图和现代的设计蓝图组成的幕布，升空的火箭迈开探索的步伐，揭开宇宙的秘密，古星图与航天设计蓝图营造出时空的碰撞与交融， 体现中国航天弘扬秉承古人的探索精神，推进航天事业的发展与人类文明的进步，将梦想与蓝图一步步实现。</p>\r\n        <p><br />　　画面下方融入安徽元素，设计蓝图上的航天科技成果中包含了安徽合肥牵头研发的&ldquo;墨子号&rdquo;量子卫星，将&ldquo;中国航天日&rdquo;与安徽元素相结合，彰显主会场的地域特色。</p>\r\n        <p style=\"text-align: center\"><br />　　作品编号：7</p>\r\n        <p style=\"text-align: center\"><img border=\"0\" alt=\"\" style=\"height: 1131px; width: 800px\" src=\"http://www.cnsa.gov.cn/n6758823/n6758838/c6842105/part/6799973.jpg\" /></p>\r\n        <p><br />　　画面主体中的航天员伸出手指触碰太空，寓意叩问苍穹，开启对未知的探索;头盔上映射出浩瀚的星河，展现航天人永无止境的探索精神;画面右侧，长征二号F火箭从发射场穿破长空，开启探索征程;背景中的&ldquo;东方红一号&rdquo;和&ldquo;天宫空间站&rdquo;交相辉映，描绘中国航天的发展历程;画面以沉稳的航天蓝为主色调，代表无数航天人为航天事业无私奉献的精神，一抹亮橙色则代表他们为中国梦、航天梦奋斗的热忱之心。</p>\r\n        <p style=\"text-align: center\"><br /><br />　　作品编号：8</p>\r\n        <p style=\"text-align: center\"><img border=\"0\" alt=\"\" style=\"height: 1127px; width: 800px\" src=\"http://www.cnsa.gov.cn/n6758823/n6758838/c6842105/part/6799974.jpg\" /></p>\r\n        <p><br />　　画面主体中航天员父亲携手小航天员开启追梦航天之旅，体现出中国梦、航天梦的传承;画面上半部分的火箭、卫星、空间站寓意中国在建设航天强国、勇攀科技高峰的征程中将持续开展更广泛、更深层次的研究;画面中嫦娥剪影与代表进取和平的凤凰，寓意航天人叩问苍穹的脚步不曾停歇，&ldquo;嫦娥&rdquo;探月、&ldquo;祝融&rdquo;探火、&ldquo;羲和&rdquo;逐日等成就将远古神话一一变为现实，体现航天人跨越星球式的浪漫;画面底部火箭喷出的火焰变形为黄山、包公祠等安徽地域特色;将&ldquo;格物致知\r\n            叩问苍穹&rdquo;中&ldquo;知&rdquo;&ldquo;问&rdquo;&ldquo;苍穹&rdquo;进行艺术处理，倡导广大群众特别是青少年要行而致知，知而促行，敢于追逐梦想，锻造致用人才，用格物致知的精神，不断探索深空奥秘。</p>\r\n        <p style=\"text-align: center\"><br />　　作品编号：9</p>\r\n        <p style=\"text-align: center\"><img border=\"0\" alt=\"\" style=\"height: 1131px; width: 800px\" src=\"http://www.cnsa.gov.cn/n6758823/n6758838/c6842105/part/6799975.jpg\" /></p>\r\n        <p><br />　　主体部分以徽墨圆形墨迹为轮廓，以星盘及&ldquo;格物致知 叩问苍穹&rdquo;字体为内容，以深邃星空和航天器剪影为图案组合而成;背景部分以少年儿童使用望远镜探究太空为题材，以徽派建筑群为视觉元素，对画面进行描述和渲染。既有航天科技的视觉感官，也有徽派风格的人文底蕴，充分体现了航天元素和安徽地域特色。</p>\r\n        <p style=\"text-align: center\"><br />　　作品编号：10</p>\r\n        <p style=\"text-align: center\"><img border=\"0\" alt=\"\" style=\"height: 1131px; width: 800px\" src=\"http://www.cnsa.gov.cn/n6758823/n6758838/c6842105/part/6799976.jpg\" /></p>\r\n        <p><br />　　作品采用插画的创作手法展现。创作理念一是：展现在二十大开局之年，航天人将继续秉承弘扬&ldquo;两弹一星&rdquo;精神、载人航天精神、探月精神和新时代北斗精神，怀着对未来的希望和探索未知的决心，推动航天事业发展，致力航天强国建设;二是意指在取得&ldquo;嫦娥&rdquo;探月、&ldquo;祝融&rdquo;探火、&ldquo;羲和&rdquo;逐日等成就后，中国航天将持续在深空领域开展更广泛、更深层次的研究，积极助力构建外空领域人类命运共同体，不断推进人类航天事业发展和文明进步，三是倡导广大公众特别是青少年，行而致知，知而促行，敢于追逐梦想，锻造致用人才，用格物致知的精神，不断探索深空奥秘。</p>\r\n        <p\r\n            style=\"text-align: center\"><br />　　作品编号：11</p>\r\n    <p style=\"text-align: center\"><img border=\"0\" alt=\"\" style=\"height: 1131px; width: 800px\" src=\"http://www.cnsa.gov.cn/n6758823/n6758838/c6842105/part/6799977.jpg\" /></p>\r\n    <p><br />　　创作灵感源于安徽的徽派建筑，中国水墨山水和火箭发射场，徽派建筑和水墨山水结合，层层递进的山脉和建筑巧妙的形成火箭发射的轨迹，层层递进的山脉和建筑形成的轨迹也代表着行而致知，知而促行，敢于追逐梦想，锻造致用人才，用格物致知的精神，不断探索深空奥秘。突出了主办地安徽的地域特色，体现了航天与艺术的完美结合。</p>\r\n    <p style=\"text-align: center\"><br />　　作品编号：12</p>\r\n    <p style=\"text-align: center\"><img border=\"0\" alt=\"\" style=\"height: 1131px; width: 800px\" src=\"http://www.cnsa.gov.cn/n6758823/n6758838/c6842105/part/6799978.jpg\" /></p>\r\n    <p><br />　　充满人文情怀的地方造就出伟大的梦想，将理想付诸现实是科技的浪漫。充满智慧的中国航天人造出了巧夺天工的&ldquo;神仙&rdquo;，探索的背后是伟大的航天精神和对家乡故土的无比热爱。海报中的有表现&ldquo;两弹一星&rdquo;精神的航天元素画面，日出时的朝霞从航天员头盔的镜子里也映射出此次举办地安徽的建筑特色，画面整体融合到一起，是科技也是浪漫，向往亦是成就。</p>\r\n    <p style=\"text-align: center\"><br />　　作品编号：13</p>\r\n    <p style=\"text-align: center\"><img border=\"0\" alt=\"\" style=\"height: 1132px; width: 800px\" src=\"http://www.cnsa.gov.cn/n6758823/n6758838/c6842105/part/6799979.jpg\" /></p>\r\n    <p>　　此作品将中国的长征火箭外形处理成一扇通往未知太空的大门，一名身着宇航服的宇航员迈入问天之门，开启对浩瀚宇宙的探索，体现了&ldquo;格物致知、叩问苍穹&rdquo;的主题，古代的星象图和中国的空间站等元素的结合也表达了中国人古往今来对宇宙孜孜以求的不断探索。</p>\r\n    <p style=\"text-align: center\"><br />　　作品编号：14</p>\r\n    <p style=\"text-align: center\"><img border=\"0\" alt=\"\" style=\"height: 1131px; width: 800px\" src=\"http://www.cnsa.gov.cn/n6758823/n6758838/c6842105/part/6799980.jpg\" /></p>\r\n    <p> </p>\r\n    <p><br />　　画面整体以航天蓝色调为主，由浅入深，寓意着从古至今，不断探索不断发展的航天科技。画面中心采用清代天文仪器玑衡抚辰仪的结构为主要视觉，融入了科技感和机械感，并且承托了具有安徽特色的人文景观。向前走来的航天员背后延伸出苍穹宇宙，代表着一直以来我们从未停止过探索浩瀚宇宙的步伐，而航天员微微抬起的头，宇宙的光影照亮面罩，代表着人类对于更多未知的向往，叩问苍穹。海报中的玑衡抚辰仪、航天员、火箭和空间站的等，都代表着从古到今，人类对于太空的向往和探索，格物致知的追求和成果。</p>\r\n    <p\r\n        style=\"text-align: center\"><br />　　作品编号：15</p>\r\n        <p style=\"text-align: center\"><img border=\"0\" alt=\"\" style=\"height: 1131px; width: 800px\" src=\"http://www.cnsa.gov.cn/n6758823/n6758838/c6842105/part/6799981.jpg\" /></p>\r\n        <p><br />　　在天圆地方的背景下，红色的土地上一个代表新兴的火箭冉冉升起，它带着对天外世界的向往，对宇宙奥秘的渴求，用科技的力量冲破这方天地。</p>\r\n        <p style=\"text-align: center\"><br />　　作品编号：16</p>\r\n        <p style=\"text-align: center\"><img border=\"0\" alt=\"\" style=\"height: 1131px; width: 800px\" src=\"http://www.cnsa.gov.cn/n6758823/n6758838/c6842105/part/6799982.jpg\" /></p>\r\n        <p><br />　　安徽的美好河山和宇宙的神秘云海一一呼应，突出了安徽的地域特色，与在安徽举办的航天日相结合，诠释出了安徽人的航天梦。</p>\r\n        <p style=\"text-align: center\"><br />　　作品编号：17</p>\r\n        <p style=\"text-align: center\"><img border=\"0\" alt=\"\" style=\"height: 1131px; width: 800px\" src=\"http://www.cnsa.gov.cn/n6758823/n6758838/c6842105/part/6799983.jpg\" /></p>\r\n        <p><br />　　格物致知，叩问苍穹。中国航天人用自己的智慧和吃苦奋斗攻关奉献的精神创造了一个又一个奇迹。</p>\r\n        <p style=\"text-align: center\"><br />　　作品编号：18</p>\r\n        <p style=\"text-align: center\"><img border=\"0\" alt=\"\" style=\"height: 1130px; width: 800px\" src=\"http://www.cnsa.gov.cn/n6758823/n6758838/c6842105/part/6799984.jpg\" /></p>\r\n        <p><br />　　层叠的山峦与火箭飞天场景相融，大气磅礴的国风与航天科技感共同营造视觉冲击，彰显中国航天的探索与开拓精神，水墨黄山、迎客松等元素的运用本届航天日活动主场的地域特色。</p>\r\n        <p style=\"text-align: center\"><br />　　作品编号：19</p>\r\n        <p style=\"text-align: center\"><img border=\"0\" alt=\"\" style=\"height: 1131px; width: 800px\" src=\"http://www.cnsa.gov.cn/n6758823/n6758838/c6842105/part/6799985.jpg\" /></p>\r\n        <p><br />　　整体画面以航天航空为主题结合安徽古典建筑样式作为设计思路，加入了中国传统水墨风格。</p>\r\n        <p><br />　　中央宇航员仰望远方，面对着载人飞船，在时间的洪流下前行，勾勒出追求梦想的精神。</p>\r\n        <p><br />　　画面左下面为朱熹在徽派建筑之下，远眺远方，表达古人对天文宇宙的畅想，画面右下表现当代青年人手持书卷，用知识追求梦想的精神。</p>\r\n        <p><br />　　右上方的&ldquo;羲和号&rdquo;，在远处的&ldquo;天宫空间站&rdquo;的映衬下，勾勒出中国人对太空探索。&ldquo;嫦娥&rdquo;奔月、&ldquo;祝融&rdquo;探火等经典意象图贯穿画面两侧伴随着登月号和&ldquo;祝融号&rdquo;，勾勒出古往今来，中华民族对太空的无限遐想，画面上方用书法字体表现了本次航天日的主题&ldquo;格物致知，叩问苍穹&rdquo;。</p>\r\n        <p style=\"text-align: center\"><br />　　作品编号：20</p>\r\n        <p style=\"text-align: center\"><img border=\"0\" alt=\"\" style=\"height: 1131px; width: 800px\" src=\"http://www.cnsa.gov.cn/n6758823/n6758838/c6842105/part/6799986.jpg\" /></p>\r\n        <p><br />　　本次海报构建了一个科技感极强的的未来中国航天教研基地，融合了徽派建筑的马头墙，中间是一个以长征火箭为原型设计的科技建筑主体，象征着中国的航天事业在不断发展和推进。这个建筑是未来的中国特色的教研基地，它将汇聚全球最先进的科技和最优秀的人才，为国家探索未知的宇宙世界和推进人类文明进步做出更多的贡献。这是他们梦开始的地方!</p>\r\n        <p> </p>\r\n        </p>\r\n</div>', '2023-4-15');
INSERT INTO `news` VALUES (32, '要闻', '我国成功发射双曲线一号商业运载火箭', 'http://www.cnsa.gov.cn/n6758823/n6758838/c6842102/part/6799959.jpg', '<div class=\"conText\" style=\"margin:0 auto;width:1000px;\" id=\"ziti\">\r\n    <p> <p>　　2023年4月7日12时00分，双曲线一号固体商业运载火箭在我国酒泉卫星发射中心成功发射升空，火箭按照预定程序安全顺利完成飞行，发射任务获得圆满成功。此次飞行试验主要目的是验证火箭总体方案的正确性、积累火箭飞行数据。</p><p><br />　　此次任务是双曲线一号商业运载火箭的第5次飞行。</p><p style=\"text-align: center\"><img alt=\"\" width=\"800\" height=\"450\" src=\"http://www.cnsa.gov.cn/n6758823/n6758838/c6842102/part/6799959.jpg\" /></p><p style=\"text-align: center\"><img alt=\"\" width=\"800\" height=\"450\" src=\"http://www.cnsa.gov.cn/n6758823/n6758838/c6842102/part/6799960.jpg\" /></p><p style=\"text-align: center\"><img alt=\"\" width=\"800\" height=\"533\" src=\"http://www.cnsa.gov.cn/n6758823/n6758838/c6842102/part/6799961.png\" /></p><p style=\"text-align: center\"><img alt=\"\" width=\"800\" height=\"534\" src=\"http://www.cnsa.gov.cn/n6758823/n6758838/c6842102/part/6799962.png\" /></p><p style=\"text-align: center\"><img alt=\"\" width=\"800\" height=\"1199\" src=\"http://www.cnsa.gov.cn/n6758823/n6758838/c6842102/part/6799963.jpg\" /></p><p style=\"text-align: center\"><img alt=\"\" width=\"800\" height=\"1200\" src=\"http://www.cnsa.gov.cn/n6758823/n6758838/c6842102/part/6799964.jpg\" /></p></p>\r\n </div>', '2023-4-15');
INSERT INTO `news` VALUES (33, '要闻', '全球首款3D打印闭式补燃循环液体火箭发动机飞行成功', 'http://www.cnsa.gov.cn/n6758823/n6758838/c6842119/part/6799990.png', '<div class=\"conText\" style=\"margin:0 auto;width:1000px;\" id=\"ziti\">\r\n    <p> <p style=\"text-align: center\">　　<strong>国 内 航 天</strong></p><p><br />　　<strong>全球首款3D打印闭式补燃循环液体火箭发动机飞行成功</strong></p><p><br />　　随着天龙二号液体运载火箭圆满首飞，天兵科技自主研发的液氧煤油发动机TH-11V飞行全程285s表现完美。该型发动机为全球首款应用3D打印技术的闭式循环补燃发动机，相比传统生产工艺，发动机组数量减少80%，制造周期缩短70%~80%，成本和重量降低40%~50%，发动机推质比达到100以上。</p><p> </p><p style=\"text-align: center\"><img alt=\"\" width=\"800\" height=\"431\" src=\"http://www.cnsa.gov.cn/n6758823/n6758838/c6842119/part/6799990.png\" /><br />　　(来源：China航天 微博客户端)</p><p style=\"text-align: center\"><br />　　<strong>国 际 航 天</strong></p><p><br />　　<strong>NASA设立月球到火星办公室</strong></p><p><br />　　据航天新闻网4月8日报道，3月30日，NASA宣布在探索系统发展任务理事会内设立了月球到火星计划办公室。</p><p><br />　　随着&ldquo;阿耳特弥斯&rdquo;2任务的准备工作继续，NASA已经建立了一个国会授权的办公室，以监督该计划和未来的月球任务。该办公室将专注于整合正在进行的各种项目，从&ldquo;阿耳特弥斯&rdquo;月球探索任务的&ldquo;猎户座&rdquo;运载火箭和太空发射系统到门户、月球着陆器和宇航服。</p><p> </p><p style=\"text-align: center\"><img alt=\"\" width=\"800\" height=\"498\" src=\"http://www.cnsa.gov.cn/n6758823/n6758838/c6842119/part/6799991.jpg\" /><br />　　(来源：微视航天 微信公众号)</p><p> </p></p>\r\n </div>', '2023-4-15');
INSERT INTO `news` VALUES (34, '要闻', '国际月球科研站合作伙伴指南', 'http://www.cnsa.gov.cn/n6758823/n6758839/c6812148/part/6787239.png', 'div class=\"conText\" style=\"margin:0 auto;width:1000px;\" id=\"ziti\">\r\n   <p> <p style=\"text-align: center\"><img alt=\"\" width=\"794\" height=\"1077\" src=\"http://www.cnsa.gov.cn/n6758823/n6758839/c6812148/part/6787239.png\" /></p><p style=\"text-align: center\"><img alt=\"\" width=\"794\" height=\"1077\" src=\"http://www.cnsa.gov.cn/n6758823/n6758839/c6812148/part/6787240.png\" /></p><p style=\"text-align: center\"><img alt=\"\" width=\"794\" height=\"1077\" src=\"http://www.cnsa.gov.cn/n6758823/n6758839/c6812148/part/6787241.png\" /></p><p style=\"text-align: center\"><img alt=\"\" width=\"794\" height=\"1077\" src=\"http://www.cnsa.gov.cn/n6758823/n6758839/c6812148/part/6787242.png\" /></p><p style=\"text-align: center\"><img alt=\"\" width=\"794\" height=\"1077\" src=\"http://www.cnsa.gov.cn/n6758823/n6758839/c6812148/part/6787243.png\" /></p><p style=\"text-align: center\"><img alt=\"\" width=\"794\" height=\"1077\" src=\"http://www.cnsa.gov.cn/n6758823/n6758839/c6812148/part/6787244.png\" /></p><p style=\"text-align: center\"><img alt=\"\" width=\"794\" height=\"1077\" src=\"http://www.cnsa.gov.cn/n6758823/n6758839/c6812148/part/6787245.png\" /></p><p style=\"text-align: center\"><img alt=\"\" width=\"794\" height=\"1077\" src=\"http://www.cnsa.gov.cn/n6758823/n6758839/c6812148/part/6787246.png\" /></p><p style=\"text-align: center\"><img alt=\"\" width=\"794\" height=\"1077\" src=\"http://www.cnsa.gov.cn/n6758823/n6758839/c6812148/part/6787247.png\" /></p><p style=\"text-align: center\"><img alt=\"\" width=\"794\" height=\"1077\" src=\"http://www.cnsa.gov.cn/n6758823/n6758839/c6812148/part/6787248.png\" /></p><p style=\"text-align: center\"><img alt=\"\" width=\"794\" height=\"1077\" src=\"http://www.cnsa.gov.cn/n6758823/n6758839/c6812148/part/6787249.png\" /></p><p style=\"text-align: center\"><img alt=\"\" width=\"794\" height=\"1077\" src=\"http://www.cnsa.gov.cn/n6758823/n6758839/c6812148/part/6787250.png\" /></p><p style=\"text-align: center\"><img alt=\"\" width=\"794\" height=\"1077\" src=\"http://www.cnsa.gov.cn/n6758823/n6758839/c6812148/part/6787251.png\" /></p><p style=\"text-align: center\"><img alt=\"\" width=\"794\" height=\"1077\" src=\"http://www.cnsa.gov.cn/n6758823/n6758839/c6812148/part/6787252.png\" /></p><p style=\"text-align: center\"><img alt=\"\" width=\"794\" height=\"1077\" src=\"http://www.cnsa.gov.cn/n6758823/n6758839/c6812148/part/6787253.png\" /></p><p style=\"text-align: center\"><img alt=\"\" width=\"794\" height=\"1077\" src=\"http://www.cnsa.gov.cn/n6758823/n6758839/c6812148/part/6787254.png\" /></p><p style=\"text-align: center\"><img alt=\"\" width=\"794\" height=\"1077\" src=\"http://www.cnsa.gov.cn/n6758823/n6758839/c6812148/part/6787255.png\" /></p><p style=\"text-align: center\"><img alt=\"\" width=\"794\" height=\"1077\" src=\"http://www.cnsa.gov.cn/n6758823/n6758839/c6812148/part/6787256.png\" /></p><p style=\"text-align: center\"> </p><p style=\"text-align: center\"><img alt=\"\" width=\"794\" height=\"1077\" src=\"http://www.cnsa.gov.cn/n6758823/n6758839/c6812148/part/6787257.png\" /></p></p>\r\n</div>', '2023-4-15');
INSERT INTO `news` VALUES (35, '要闻', '亚洲最大推力液体火箭发动机试车台全系统调试完成', 'https://img2.baidu.com/it/u=4191519157,693444721&fm=253&fmt=auto&app=120&f=JPEG?w=800&h=500', '　近日，位于中国航天科技集团有限公司六院165所铜川试验区的亚洲最大推力液体火箭发动机试车台完成全系统调试，考台试车方案通过评审。\r\n\r\n\r\n　　目前，六院165所铜川试验中心正锚定“考台试车一次成功”目标，紧张有序地进行试验准备。该试车台将有力推动液体动力“八年九机”研制任务。', '2023-4-15');
INSERT INTO `news` VALUES (36, '要闻', '我国首颗具备业务化应用能力的生态环境综合监测卫星正式交付', 'https://img1.baidu.com/it/u=3923740838,2066694171&fm=253&fmt=auto&app=138&f=JPEG?w=894&h=500', '　新华社北京4月4日电(记者 高敬)记者4日从生态环境部获悉，高光谱观测卫星圆满完成规定的在轨测试内容，我国首颗具备业务化应用能力的生态环境综合监测卫星正式交付。\r\n\r\n\r\n　　记者从当天举行的高光谱观测卫星在轨投入使用仪式上获悉，高光谱观测卫星是生态环境部牵头组织研制建设的，为首颗具备业务化应用能力的生态环境综合监测卫星，于2021年9月7日成功发射，共配置了可见短波红外高光谱相机等7台有效载荷。\r\n\r\n\r\n　　生态环境部有关负责人介绍，生态环境遥感监测是天地一体化生态环境监测体系建设的重要组成部分，是开展生态环境监管的重要基础。高光谱观测卫星具备对大气环境、地表水体和陆表生态环境等开展定量化、高光谱观测能力，可服务生态环保重点工作，助力深入打好污染防治攻坚战，支撑碳达峰碳中和等国家重大部署。\r\n\r\n\r\n　　同时，卫星可为国内其他行业用户提供高精度、高光谱遥感数据，服务矿产资源调查、防灾减灾、农作物估产、林业资源清查、气候变化研究等行业应用。\r\n\r\n\r\n　　高光谱遥感是当前遥感技术的前沿领域。相比传统光学成像卫星只能看到物体的形状、尺寸等信息，高光谱卫星具备的光谱成像技术，可使光谱与图像结合为一体，探测各类地物及大气具体成分。', '2023-4-15');
INSERT INTO `news` VALUES (37, '要闻', '这些航天成就被政府工作报告提名', 'https://img2.baidu.com/it/u=2185877104,1322747458&fm=253&fmt=auto&app=138&f=JPEG?w=890&h=500', '<div class=\"conText\" style=\"margin:0 auto;width:1000px;\" id=\"ziti\">\r\n    <p>\r\n        <p>　　3月5日上午，第十四届全国人民代表大会第一次会议在人民大会堂举行开幕会。中共中央总书记、国家主席、中央军委主席习近平等党和国家领导人出席。</p>\r\n        <p><br />　　国务院总理李克强在政府工作报告中指出：科技创新成果丰硕。构建新型举国体制，组建国家实验室，分批推进全国重点实验室重组。一些关键核心技术攻关取得新突破，载人航天、探月探火、深海深地探测、超级计算机、卫星导航、量子信息、核电技术、大飞机制造、人工智能等领域创新成果不断涌现。全社会研发经费投入强度从2.1%提高到2.5%以上，科技进步贡献率提高到60%以上，创新支撑发展能力不断增强。</p>\r\n        <p><br />　　近年来，在以习近平同志为核心的党中央坚强领导下，我国在航天领域，以百分百的成功率，圆满完成了探月三期及四期先导任务、首次火星探测任务、空间站建造任务、北斗导航卫星全球组网任务等一系列重大工程任务，有力地推动我国由航天大国迈向航天强国、支撑国计民生各领域发展、助力构建人类命运共同体，为我国乃至全人类利用空间、探索空间作出了令人瞩目的贡献。</p>\r\n        <p><br />　　2021年，党中央批准了中央宣传部梳理的第一批纳入中国共产党人精神谱系的伟大精神，在中华人民共和国成立72周年之际予以发布。党领导航天人在实践中铸就的&ldquo;两弹一星&rdquo;精神、载人航天精神、探月精神、新时代北斗精神也在第一批纳入中国共产党人精神谱系的伟大精神中。</p>\r\n        <p style=\"text-align: center\"><br /><strong>　　探月探火</strong></p>\r\n        <p><br />　　嫦娥四号任务在人类历史上首次实现了航天器在月球背面软着陆和巡视勘察，首次实现了月球背面同地球的中继通信;嫦娥五号任务实现了我国首次地外天体采样返回，为人类取回了21世纪的第一批月球样品;天问一号任务实现了我国首次火星环绕、着陆、巡视探测。基于我国探月探火任务所获数据和样本，国内外科学家取得了一系列重要成果。</p>\r\n        <p> </p>\r\n        <p style=\"text-align: center\"><img alt=\"\" width=\"400\" height=\"300\" src=\"http://www.cnsa.gov.cn/n6758823/n6758838/c6841960/part/6799534.gif\" /><br />　　▲ 嫦娥五号探测器月面采样</p>\r\n        <p><br />　　嫦娥五号任务成功后，习近平总书记在贺电中指出，人类探索太空的步伐永无止境。希望你们大力弘扬追逐梦想、勇于探索、协同攻坚、合作共赢的探月精神，一步一个脚印开启星际探测新征程，为建设航天强国、实现中华民族伟大复兴再立新功，为人类和平利用太空、推动构建人类命运共同体作出更大的开拓性贡献。</p>\r\n        <p> </p>\r\n        <p style=\"text-align: center\"><img alt=\"\" width=\"800\" height=\"450\" src=\"http://www.cnsa.gov.cn/n6758823/n6758838/c6841960/part/6799535.jpg\" /><br />　　▲ &ldquo;祝融号&rdquo;火星车与着陆平台合影</p>\r\n        <p style=\"text-align: center\"><br /><strong>　　载人航天</strong></p>\r\n        <p style=\"text-align: center\"><img alt=\"\" width=\"800\" height=\"595\" src=\"http://www.cnsa.gov.cn/n6758823/n6758838/c6841960/part/6799536.jpg\" /><br />　　▲ 中国空间站三舱三船构型示意图</p>\r\n        <p><br />　　2022年12月31日，习近平主席在新年贺词中庄严宣告：中国空间站全面建成，我们的&ldquo;太空之家&rdquo;遨游苍穹。习近平总书记曾指出，建造空间站，是中国航天事业的重要里程碑，将为人类和平利用太空作出开拓性贡献。当前，我国载人空间站工程已进入应用与发展阶段，空间站转入常态化运营模式。作为国家太空实验室，我国空间站从研制、建设到运营，正取得越来越多的重要、原创性科技成果。此外，我国还完成了新一代载人飞船试验船首次等任务，为载人航天工程的后续发展奠定了坚实基础。</p>\r\n        <p\r\n            style=\"text-align: center\"> </p>\r\n    <p style=\"text-align: center\"><img alt=\"\" width=\"400\" height=\"300\" src=\"http://www.cnsa.gov.cn/n6758823/n6758838/c6841960/part/6799537.gif\" /><br />　　▲ 空间站出舱活动</p>\r\n    <p style=\"text-align: center\"><br />　　<strong>卫星导航</strong></p>\r\n    <p style=\"text-align: center\"> </p>\r\n    <p style=\"text-align: center\"><img alt=\"\" width=\"800\" height=\"600\" src=\"http://www.cnsa.gov.cn/n6758823/n6758838/c6841960/part/6799538.gif\" /><br />　　▲ 北斗导航卫星全球组网示意图</p>\r\n    <p><br />　　2020年7月31日上午，习近平总书记庄严宣布：&ldquo;北斗三号全球卫星导航系统正式开通!&rdquo;习近平总书记指出，北斗三号全球卫星导航系统的建成开通，充分体现了我国社会主义制度集中力量办大事的政治优势，对提升我国综合国力，对推动疫情防控常态化条件下我国经济发展和民生改善，对推动当前国际经济形势下我国对外开放，对进一步增强民族自信心、努力实现&ldquo;两个一百年&rdquo;奋斗目标，具有十分重要的意义。26年来，参与北斗系统研制建设的全体人员迎难而上、敢打硬仗、接续奋斗，发扬&ldquo;两弹一星&rdquo;精神，培育了新时代北斗精神，要传承好、弘扬好。要推广北斗系统应用，做好确保系统稳定运行等后续各项工作，为推动我国经济社会发展、推动构建人类命运共同体作出新的更大贡献。</p>\r\n    <p><br />　　北斗全球系统建成以来，在全球范围提供优质服务，兑现了大国承诺，同时也推动卫星导航与位置服务产业持续保持稳定高速增长态势，产业生态范围进一步扩大，结构持续优化。2021年，我国卫星导航与位置服务产业总体产值已达到4690亿元人民币。</p>\r\n    <p> </p>\r\n    </p>\r\n</div>', '2023-4-15');
INSERT INTO `news` VALUES (39, '要闻', '中国载人航天工程三十年成就展开幕', 'https://img2.baidu.com/it/u=1239260814,2975714926&fm=253&fmt=auto&app=138&f=JPEG?w=903&h=500', '　2月24日，“逐梦寰宇问苍穹——中国载人航天工程三十年成就展”开幕式在中国国家博物馆西大厅举行。文化和旅游部、中国载人航天工程办公室、中国国家博物馆领导以及中国航天基金会、中国载人航天工程各系统总指挥和总设计师、航天员代表等出席开幕式。\r\n\r\n\r\n　　1992年中国载人航天工程正式立项实施，2022年圆满完成“三步走”战略任务，全面建成中国空间站，目前已正式进入空间站应用与发展阶段。\r\n\r\n\r\n　　成就展以“回望飞天路、奋进新征程”为主题，共分领导关怀、光辉历程、辉煌成就和发展展望4个板块，全面系统回顾工程全线30年来自信自强、奋斗圆梦的辉煌历程，重点展示党的十八大以来，在以习近平同志为核心的党中央坚强领导下载人航天事业取得的跨越式发展和历史性成就，突出彰显了坚持党的领导、坚持新型举国体制、坚持走中国特色发展道路的巨大政治优势和实践伟力，生动展现了广大航天人特别能吃苦、特别能战斗、特别能攻关、特别能奉献的昂扬精神风貌。\r\n\r\n\r\n　　据介绍，本次展览为期3个月。主要展品包括可步入舱内参观的天和核心舱1∶1模型，空间站组合体1∶4模型，长征二号F、长征七号、长征五号B运载火箭、新一代载人运载火箭等模型，还有航天服、神舟十三号返回舱、火箭发动机、环控生保设备及飞行任务搭载的党旗等实物。新一代载人飞船及月面着陆器等未来载人登月主要飞行产品模型更是首次展出。\r\n\r\n\r\n　　展期内还将在国家博物馆组织多场载人航天科普教育活动，由航天专家介绍工程30年发展历程和建设成就，航天员分享训练过程及执行飞行的经历感悟。', '2023-4-15');
INSERT INTO `news` VALUES (40, '航天精神', '英雄披甲征太空', 'null', '    <div class=\"content_area\" id=\"content_area\">\r\n        <p>英雄披甲征太空&mdash;&mdash;记神舟十五号航天员</p>\r\n        <p>　　2022年11月28日，酒泉卫星发射中心问天阁。</p>\r\n        <p>　　执行神舟十五号飞行任务的3名航天员首次公开亮相&mdash;&mdash;时隔17年再度飞天的费俊龙、执着坚守24年终圆飞天梦想的邓清明、12年如一日艰辛训练换来首次太空之旅的张陆。</p>\r\n        <p>　　大漠胡杨寒冬日，英雄披甲征太空。</p>\r\n        <p>　　作为中国空间站建造阶段的最后一棒，他们将带着祖国和人民的期望重托奔向&ldquo;天宫&rdquo;，踏上为期6个月的飞天之旅。</p>\r\n        <p>　　作为即将入驻中国空间站的新家人，他们将和已经在太空出差半年的战友&mdash;&mdash;神舟十四号航天员&ldquo;胜利会师&rdquo;，在中国人自己的&ldquo;太空家园&rdquo;里留下一张载入中国航天史册的&ldquo;全家福&rdquo;。</p>\r\n        <p>　　作为中国载人航天工程的第十次载人飞行，他们还将在太空见证中国人自己的空间站正式建成的圆梦时刻。</p>\r\n        <p style=\"text-align: center;\">\r\n            <a><img src=\"http://www.news.cn/politics/2021-10/15/1127958919_16342353861091n.jpg\" style=\"margin: 0 auto\" /></a>\r\n        </p>\r\n        <p class=\"photo_alt_20190808\" style=\"text-align: center;\">　　神舟十五号飞行乘组在飞船模拟器内训练（2022年10月8日摄）。新华社发（孔方舟 摄）</p>\r\n        <p><strong>　　费俊龙：&ldquo;飞天就是我的职责使命&rdquo;</strong></p>\r\n        <p>　　2005年10月，费俊龙与战友飞赴苍穹，开始了我国真正意义上有人参与的空间科学实验活动。</p>\r\n        <p>　　第一次吃热饭热菜、第一次用太空睡袋睡觉、第一次脱掉舱内航天服进入轨道舱&hellip;&hellip;他们在太空创造了许多个第一。</p>\r\n        <p>　　&ldquo;龙腾九天&rdquo;似在昨，一十七年如电抹。</p>\r\n        <p>　　17年后，费俊龙再一次作为指令长为国出征。他说：&ldquo;我的职业是航天员，飞天就是我的职责使命。&rdquo;</p>\r\n        <p style=\"text-align: center;\">\r\n            <a><img src=\"http://www.news.cn/politics/2021-10/15/1127958919_16342354058681n.jpg\" style=\"margin: 0 auto\" /></a>\r\n        </p>\r\n        <p class=\"photo_alt_20190808\" style=\"text-align: center;\">　　邓清明准备参加训练（2022年3月28日摄）。新华社发（孔方舟 摄）</p>\r\n        <p>　　1998年1月5日，邓清明成为航天员大队其中一员。几年刻苦训练后，他取得了执行载人航天飞行任务的资格。</p>\r\n        <p>　　可当时，中国载人航天刚刚起步，飞天的机会寥寥无几。在隔几年才会到来一次的任务面前，所有航天员都要进行严格的训练和选拔，按照综合评价排名确定主备份人选。很多科目考核的第一名和最后一名成绩相差不大，甚至只有零点几分。</p>\r\n        <p>　　而就是这细微的差距，一次次让邓清明与飞天失之交臂。但每次任务结束后，他都要在最短时间内给自己&ldquo;归零&rdquo;，重新迎接新的挑战。</p>\r\n        <p>　　&ldquo;在飞天逐梦的道路上，不管如何艰难，我从未想过放弃。&rdquo;邓清明说，&ldquo;无论主份还是备份，都是航天员的本分。&rdquo;</p>\r\n        <p>　　2013年，神舟十号载人飞船发射升空后，邓清明作为&ldquo;备份&rdquo;马上收拾行李，准备回京给天上的战友做支持工作。这时，任务总指挥长走了过来，用拳头在他们3名备份航天员肩上轻轻捶了两下，又竖起大拇指。</p>\r\n        <p>　　邓清明说，这是一种信任，是一种肯定，更是一种激励。</p>\r\n        <p style=\"text-align: center;\">\r\n            <a><img src=\"//p4.img.cctvpic.com/photoworkspace/contentimg/2022/11/29/2022112913462427315.jpg\" style=\"margin: 0 auto\" /></a>\r\n        </p>\r\n        <p class=\"photo_alt_20190808\" style=\"text-align: center;\">　　邓清明（左）和张陆在组合体模拟器内训练（2022年9月20日摄）。新华社发（孔方舟 摄）</p>\r\n        <p>　　第二年，5名战友停航停训，离开了航天员大队。从那时开始，邓清明便成了我国首批航天员中唯一一名没有执行过飞天任务、却仍然在参加学习训练和任务备战的现役航天员。</p>\r\n        <p>　　备战神舟十一号任务时，邓清明和航天员陈冬分在了一组，参加为期33天的地面组合模拟验证1:1试验。</p>\r\n        <p>　　33天，两个人几乎与世隔绝。不到10平方米的密闭舱内，他们吃喝拉撒睡都在里面，完全模拟神舟十一号在轨飞行任务的全部内容，其中包括近乎残酷的72小时睡眠剥夺训练。</p>\r\n        <p>　　最终，邓清明和陈冬高质量完成了任务，提出了很多具有建设性的意见和建议，为正式任务打下了良好基础。</p>\r\n        <p style=\"text-align: center;\">\r\n            <a><img src=\"http://www.news.cn/politics/2021-10/15/1127958919_16342353367121n.jpg\" style=\"margin: 0 auto\" /></a>\r\n        </p>\r\n        <p class=\"photo_alt_20190808\" style=\"text-align: center;\">　　邓清明参加人船联试（2022年3月28日摄）。新华社发（孔方舟 摄）</p>\r\n        <p>　　遗憾的是，神舟十一号任务的最终人选确定，邓清明再一次与飞天无缘。</p>\r\n        <p>　　得知结果的那一刻，邓清明心里五味杂陈。在他看来，这可能是他离飞天梦想最近的一次，也极有可能是他职业生涯中的最后一次机会。</p>\r\n        <p>　　发射任务结束后，他回到家，打开房门，映入眼帘的是满满一桌丰盛的饭菜。妻子和女儿说：&ldquo;欢迎英雄回家。&rdquo;</p>\r\n        <p>　　看到这一幕，邓清明再也控制不住自己的情感，低头走进卫生间，打开水龙头，在&ldquo;哗哗&rdquo;的水流声中，对着镜子哭得酣畅淋漓。之后，他又洗把脸，装作若无其事地回到饭桌前坐下。</p>\r\n        <p>　　这时，一直等在桌边的妻子对他说:&ldquo;这些年的付出是值得的，你值得我尊敬，也为孩子做出了榜样！你永远是我们心中的英雄。&rdquo;</p>\r\n        <p>　　守得云开见月明。</p>\r\n        <p>　　近两年来，随着空间站任务的实施，我国的载人飞行任务越来越频繁，仍在坚持训练的邓清明成功入选神舟十五号乘组，期盼了24年的飞天圆梦机会到来了。</p>\r\n        <p>　　可世界上哪有平白无故的幸运呢？邓清明说，只有经过磨砺，才能收获良机。</p>\r\n        <p>　　神舟十五号任务繁重，太空出舱的次数超过以往，需要加大水下训练强度次数。每一次，他都要穿着厚重的训练服，在水下一操作就是好几个小时。每次出水后，他的贴身衣服全都湿透了，手也抖得握不住筷子。</p>\r\n        <p>　　训练时，邓清明说的最多的就是&ldquo;再来一次&rdquo;。</p>\r\n        <p style=\"text-align: center;\">\r\n            <a><img src=\"http://www.news.cn/politics/2021-10/15/1127958919_16342353638161n.jpg\" style=\"margin: 0 auto\" /></a>\r\n        </p>\r\n        <p class=\"photo_alt_20190808\" style=\"text-align: center;\">　　邓清明在进行水下训练（2022年9月26日摄）。新华社发（孔方舟 摄）</p>\r\n        <p>　　第一次在水下练习上脚限位器时，邓清明费了九牛二虎之力把脚塞进去一半，一不小心没稳住，脚又滑脱了。折腾了20分钟，他才成功。</p>\r\n        <p>　　&ldquo;再来一次！&rdquo;&ldquo;再来一次！&rdquo;&ldquo;再来一次！&rdquo;</p>\r\n        <p>　　当天的训练结束后，他要求再单独进行上机械臂练习，直到熟练为止。</p>\r\n        <p>　　&ldquo;我一直坚信，宁可备而不用，决不用而无备。&rdquo;邓清明说，&ldquo;感谢这个伟大的时代，感谢载人航天事业的发展，感谢几代航天人的接续奋斗、攻坚克难，让我们在太空有了自己的空间站，让我等到了圆梦的机会！&rdquo;</p>\r\n        <p><strong>　　张陆：&ldquo;虽然我是首次飞天，但已经做好了各种准备&rdquo;</strong></p>\r\n        <p>　　生于湖南常德的张陆，天生一副好嗓子，从小喜欢唱歌。</p>\r\n        <p>　　记者问：&ldquo;为什么要放弃唱歌，选择当一名飞行员？&rdquo;</p>\r\n        <p>　　他说：&ldquo;如果我选择当歌手，我永远不可能有机会驾驶飞机在祖国的蓝天上飞翔，但是如果我选择当一名飞行员，我会在蓝天上骄傲地歌唱。&rdquo;</p>\r\n        <p>　　就这样，张陆成为一名空军飞行员。</p>\r\n        <p>　　飞行，是勇敢者的事业。</p>\r\n        <p>　　一次夜间飞行训练，张陆驾机刚起飞不久，突然听到&ldquo;哐当&rdquo;一声，机身剧烈摇晃。他来不及多想，下意识稳住驾驶杆，减小飞机仰角，并按故障预案操作，最终平稳着陆。</p>\r\n        <p>　　事后检查发现，飞机进气道被鸟撞了一个20厘米左右的大坑。</p>\r\n        <p>　　2003年10月15日，我国第一艘载人飞船神舟五号发射成功。那天，发射的盛况让他热血沸腾，他开始向往航天员这个职业。</p>\r\n        <p>　　2009年，我国开始选拔第二批航天员，已是空军某团空战射击主任的张陆毫不犹豫地报了名。</p>\r\n        <p>　　&ldquo;甘愿为载人航天事业奋斗终身！&rdquo;一年后，他和战友们面对五星红旗庄严宣誓，从此开始了逐梦九天的征程。</p>\r\n        <p>　　通往太空的道路，从来没有捷径。</p>\r\n        <p style=\"text-align: center;\">\r\n            <a><img src=\"http://www.news.cn/politics/2021-10/15/1127958919_16342353861091n.jpg\" style=\"margin: 0 auto\" /></a>\r\n        </p>\r\n        <p class=\"photo_alt_20190808\" style=\"text-align: center;\">　　张陆参加人船联试（2022年3月28日摄）。新华社发（孔方舟 摄）</p>\r\n        <p>　　刚开始，张陆最忌惮的是超重耐力训练。他说：&ldquo;在高速旋转的离心机里，要承受8个G的重力加速度，相当于8倍自己体重的重量无死角地挤压着全身，感觉五脏六腑和喉管都被压扁，还有一种强烈的窒息感，眼泪也会控制不住地甩出来。&rdquo;</p>\r\n        <p>　　起初，他的这项成绩是二级，相当于良好。于是，张陆到处请教，反复揣摩，经过多次训练后，成绩达到了一级标准。</p>\r\n        <p>　　张陆说，训练难度最大的是模拟出舱的水下训练，也是他们训练时间最长、体力消耗最大的一项训练。</p>\r\n        <p>　　神舟十五号任务中，他们不但要多次出舱，而且舱外爬行的距离也会大大增加。他说：&ldquo;出舱爬行就像攀岩，前几米爬得很快，但是越往后体力消耗越大，就越难操作。&rdquo;</p>\r\n        <p>　　要想在浩瀚的太空顺利完成任务，就需要在地面反复地进行强化训练。</p>\r\n        <p>　　水下训练服相当于一个&ldquo;人&rdquo;形飞船，是个刚性结构，张陆的肩比较宽，每次把自己的两只胳膊塞进服装或者出服装，都要费尽九牛二虎之力。另外，在水里一待就是五六个小时，整个人的四肢被固定在水下服里，身上痒了痛了都只能咬牙坚持。</p>\r\n        <p style=\"text-align: center;\">\r\n            <a><img src=\"http://www.news.cn/politics/2021-10/15/1127958919_16342354058681n.jpg\" style=\"margin: 0 auto\" /></a>\r\n        </p>\r\n        <p class=\"photo_alt_20190808\" style=\"text-align: center;\">　　张陆在进行水下训练（2022年9月23日摄）。新华社发（孔方舟 摄）</p>\r\n        <p>　　事实上，进入航天员大队的12年间，张陆很少度过一个完整的周末，连妻子一直想让他陪着去天安门看升旗的愿望也没能实现。 2022年11月28日，酒泉卫星发射中心问天阁大厅里，媒体将镜头齐齐对准首次亮相的张陆。这是他成为航天员后，第一次出现在公众视野当中。\r\n        </p>\r\n        <p>　　谈起将要执行的神舟十五号任务，张陆信心满怀：&ldquo;虽然我是首次飞天，但已经做好了各种准备。太空，我来了！&rdquo;（记者黄明、李国利、张汨汨、黄一宸，参与采写：占康）</p>\r\n    </div>', '2023-4-23');
INSERT INTO `news` VALUES (41, '航天精神', '跟着总书记弘扬航天精神', 'null', '    <p style=\"text-align: center;\">\r\n        <a><img src=\"http://politics.people.com.cn/mediafile/pic/BIG/20220604/87/17363499251209755163.jpg\" style=\"margin: 0 auto\"></a>\r\n    </p>', '2023-4-23');
INSERT INTO `news` VALUES (42, '航天精神', '传承精神、奋勇前行', 'null', '<p style=\"text-align: center;\">\r\n        <a><img src=\"http://cpc.people.com.cn/NMediaFile/2023/0417/MAIN202304171042000530362816188.jpg\" style=\"margin: 0 auto\"></a>\r\n    </p>\r\n    <p style=\"text-align: center;\">\r\n        <a><img src=\"http://cpc.people.com.cn/NMediaFile/2023/0417/MAIN202304171043000081568087492.jpg\" style=\"margin: 0 auto\"></a>\r\n    </p>\r\n    <p style=\"text-align: center;\">\r\n        <a><img src=\"http://cpc.people.com.cn/NMediaFile/2023/0417/MAIN202304171043000183229576803.jpg\" style=\"margin: 0 auto\"></a>\r\n    </p>\r\n    <p style=\"text-align: center;\">\r\n        <a><img src=\"http://cpc.people.com.cn/NMediaFile/2023/0417/MAIN202304171043000297482387540.jpg\" style=\"margin: 0 auto\"></a>\r\n    </p>\r\n    <p style=\"text-align: center;\">\r\n        <a><img src=\"http://cpc.people.com.cn/NMediaFile/2023/0417/MAIN202304171043000400796670782.jpg\" style=\"margin: 0 auto\"></a>\r\n    </p>\r\n    <p style=\"text-align: center;\">\r\n        <a><img src=\"http://cpc.people.com.cn/NMediaFile/2023/0417/MAIN202304171043000513881585652.jpg\" style=\"margin: 0 auto\"></a>\r\n    </p>\r\n    <p style=\"text-align: center;\">\r\n        <a><img src=\"http://cpc.people.com.cn/NMediaFile/2023/0417/MAIN202304171044000038467800826.jpg\" style=\"margin: 0 auto\"></a>\r\n    </p>', '2023-5-23');
INSERT INTO `news` VALUES (43, '航天精神', '勇于攀登，实现科技自立自强', 'null', ' <div id=\"font_area\" class=\"font_area_mid\">\r\n        <!--正文页内容-->\r\n        <!--repaste.body.begin-->\r\n        <div class=\"con\">\r\n            <div class=\"word\">\r\n                <p style=\"text-align: center;\"><img src=\"http://p5.img.cctvpic.com/photoworkspace/contentimg/2020/12/02/2020120209390163873.jpg\" alt=\"\" style=\"margin: 0 auto\" /></p>\r\n                <p style=\"text-align: center;\"><img src=\"http://p5.img.cctvpic.com/photoworkspace/contentimg/2020/12/02/2020120209390183149.jpg\" alt=\"\" style=\"margin: 0 auto\" /></p>\r\n                <p style=\"text-align: center;\"><img src=\"http://p4.img.cctvpic.com/photoworkspace/contentimg/2020/12/02/2020120209390140505.jpg\" alt=\"\" style=\"margin: 0 auto\" /></p>\r\n                <p style=\"text-align: center;\"><img src=\"http://p1.img.cctvpic.com/photoworkspace/contentimg/2020/12/02/2020120209390175437.jpg\" alt=\"\" style=\"margin: 0 auto\" /></p>\r\n                <p>\r\n                    <h1>【探寻精神源头 彰显时代价值】 </h1>\r\n                </p>\r\n                <p>　　&ldquo;咱们明天见。&rdquo;</p>\r\n                <p>　　这是17年前的10月15日，航天员杨利伟在神舟五号飞船舱门关闭前说的最后一句话，透着乐观、自信。</p>\r\n                <p>　　3个小时后，杨利伟叩响了太空的大门，成为浩瀚太空的第一位中国&ldquo;访客&rdquo;。由此，中国成为世界上第三个独立掌握载人航天技术的国家。</p>\r\n                <p>　　&ldquo;舷窗外,阳光把飞船太阳能帆板照得格外明亮,下边就是美丽的地球。蔚蓝色的地球披着淡淡的云层,长长的海岸线在大陆和海洋间清晰可辨。飞船绕着地球高速飞行,昼夜交替间,地球边缘仿佛镶了一道漂亮的金边。&rdquo;这是中国人第一次在太空中遥望自己的家园。</p>\r\n                <p>　　翌日6时23分，神舟五号飞船平稳着陆于内蒙古四子王旗着陆场，杨利伟从太空平安归来。&ldquo;我为祖国感到骄傲！&rdquo;这是他出舱时说的第一句话，透着豪迈与自豪。</p>\r\n                <p>　　从&ldquo;嫦娥奔月&rdquo;到&ldquo;万户飞天&rdquo;，中华民族的飞天梦延续千年。1992年，党中央作出实施载人航天工程的重大战略决策，并确定了我国载人航天&ldquo;三步走&rdquo;的发展战略。迄今为止，中国航天员先后11人、14人次征战太空。在航天报国和科技强国的伟大实践中，他们铸就了&ldquo;特别能吃苦、特别能战斗、特别能攻关、特别能奉献&rdquo;的载人航天精神。</p>\r\n                <p>　　2016年12月20日，习近平总书记在北京人民大会堂会见天宫二号和神舟十一号载人飞行任务航天员及参研参试人员代表时强调，我们注重传承优良传统，发扬特别能吃苦、特别能战斗、特别能攻关、特别能奉献的载人航天精神，彰显了坚定的中国特色社会主义道路自信、理论自信、制度自信、文化自信，为坚持和发展中国特色社会主义增添了强大精神力量。</p>\r\n                <p>　　弘扬和传承载人航天精神，中国人前进的步伐更加豪迈、自信，在更多领域开辟新事业&mdash;&mdash;</p>\r\n                <p>　　我国&ldquo;向地球深部进军&rdquo;有了新进展。2018年5月，中国科学家负责实施的全球第一口钻穿白垩纪陆相地层的科学钻探井&mdash;&mdash;&ldquo;松科二井&rdquo;在黑龙江安达市举行工程完井仪式。&ldquo;松科二井&rdquo;入地7018米，成为国际大陆科学钻探计划实施22年以来最深钻井。</p>\r\n                <p>　　2020年11月，我国全海深载人潜水器&ldquo;奋斗者&rdquo;号在马里亚纳海沟成功下潜达10909米，创造了中国载人深潜的新纪录。而马里亚纳海沟最深处接近11000米。</p>\r\n                <p>　　我们还在更多科技领域烙下中国的印记：2016年6月，拥有&ldquo;中国芯&rdquo;的超级计算机&ldquo;神威&middot;太湖之光&rdquo;登世界超级计算机500强榜首；2020年7月，北斗三号全球卫星导航系统正式开通，全球有了&ldquo;中国北斗&rdquo;的导引和陪伴&hellip;&hellip;</p>\r\n                <p>　　党的十九届五中全会提出，把科技自立自强作为国家发展的战略支撑。要实现科技自立自强，我们今天更需要传承和弘扬载人航天精神。</p>\r\n                <p style=\"text-align: center;\" align=\"center\">\r\n                    <h2 style=\"text-align: center;\">1.再艰苦的条件，也压不垮有信仰的人</h2 style=\"text-align: center;\">\r\n                </p>\r\n                <p>　　&ldquo;不看了，不看了！&rdquo;</p>\r\n                <p>　　这是一位航天员的母亲在看到航天员训练场景后，含泪说出的话。此刻，她的骄傲荡然无存，剩下的只是心疼&mdash;&mdash;航天员训练太苦了。</p>\r\n                <p>　　为了适应航天环境，航天员必须接受超重耐力训练、低压缺氧训练、前庭功能训练、失重飞行训练等&ldquo;魔鬼训练&rdquo;。以超重耐力训练为例，航天员要在时速100公里旋转的离心机里，承受40秒的8倍重力加速度（相当于自身体重8倍重量）的考验。离心机上的他们，面部肌肉变形下垂，胸部极度压抑，呼吸非常困难。短短几十秒，就如同跑完一万米一样难受。</p>\r\n                <p>　　不过，没有人在训练中把手伸向旁边的红色按钮。只要按下它，就可以&ldquo;解脱&rdquo;。&ldquo;对我来说，这个按钮就不存在，我就是晕在上面，也不会去按！&rdquo;航天员王亚平话语坚定。</p>\r\n                <p>　　这种特别能吃苦的精神，还发生在试验场。飞船返回舱试验需要借助飞机，在万米高空进行。&ldquo;正好赶上三九寒天，飞机上非常冷，冻得手脚都麻木了，飞机舱门打开后，高空氧气不足，人都要戴上氧气罩，把返回舱从万米高空投向地面。&rdquo;在神舟号飞船首任总设计师戚发轫的记忆里，许多试验要露天做，&ldquo;不管是阴天、雨天、三伏天、三九天，试验是不能停的。&rdquo;</p>\r\n                <p>　　今天，我们的科研环境和条件不断改善，但艰苦奋斗的创业精神和过硬作风永远不会过时，而且更显珍贵。开辟新的科技事业，载人航天精神同样弥足珍贵。</p>\r\n                <p>　　2020年11月4日，中国科学院国家天文台宣布，&ldquo;中国天眼&rdquo;已经发现脉冲星超过240颗，基于观测数据发表的高水平论文达到40余篇。&ldquo;回头再看，一切都是值得的。&rdquo;&ldquo;中国天眼&rdquo;总工程师姜鹏把当初创业之路的艰辛化作强大动力。</p>\r\n                <p>　　&ldquo;中国天眼&rdquo;建在贵州的深山里，选址要求很苛刻。当年，500米口径球面射电望远镜（FAST）原首席科学家、总工程师南仁东带着团队翻山越岭，对1000多个洼地进行比选，又实地走遍上百个窝凼。山区很多地方只能靠步行，有的荒山野岭连条小路也没有，他们每天最多只能看一两个窝凼。但是，这种艰苦的环境没有挡住他们的脚步。选址定了后，施工条件同样很艰苦。他们经常需要爬山调查危岩、上钢架拧螺丝、拿扁铲削平钢材&hellip;&hellip;但是，再苦大家也没有退缩。</p>\r\n                <p>　　再艰苦的条件，也压不垮有信仰的人。南仁东曾说：&ldquo;FAST如果有一点瑕疵，我们对不起国家。&rdquo;让南仁东、戚发轫、王亚平等人坚持下去的动力，是航天梦，是科学梦，归根结底是中国梦，是科学报国的理想信念。这个理想信念，支撑着科技先辈们从&ldquo;一穷二白&rdquo;起步，创造了&ldquo;两弹一星&rdquo;的伟业，也支撑着后继者在艰苦奋斗中，继续开创新的辉煌成就。</p>\r\n                <p style=\"text-align: center;\" align=\"center\">\r\n                    <h2 style=\"text-align: center;\">2.无惧挑战与挫折，在攀登高峰的路上勇往直前</h2 style=\"text-align: center;\">\r\n                </p>\r\n                <p>　　488秒后，一枚火箭进入太空，无数颗心里的石头落了地。</p>\r\n                <p>　　2020年5月5日，长征五号B运载火箭在文昌航天发射场首飞成功，我国空间站阶段飞行任务首战告捷，载人航天工程&ldquo;第三步&rdquo;任务的序幕正式拉开。然而，人们未必知道，在此次任务前，也有过多次失利。</p>\r\n                <p>　　失利、挫败，对于航天人来说并不陌生，也并不可怕。2017年7月，长征五号遥二火箭因发动机故障未能将卫星送入预定轨道。研发团队经过100余天的故障排查与180余天的试验验证，找到失利原因，对发动机从结构、材料和工艺等方面进行改进。2018年11月，改进后的发动机在长程试车过程中出现问题，研制团队再次进行改进。2019年4月，一台用于后续任务的发动机又出现异常，研制团队又对发动机结构再次进行改进&hellip;&hellip;</p>\r\n                <p>　　唯其艰难，方显勇毅；唯其磨砺，始得玉成。&ldquo;成功是差一点点失败，失败是差一点点成功&rdquo;，这是航天领域流传甚广的一句话。&ldquo;一点点&rdquo;的背后，是一种顽强和坚韧，一种无惧挑战与困难、直面挫折与失败的战斗精神。</p>\r\n                <p>　　我国启动载人航天工程时，比美苏等国家晚了30多年。&ldquo;如同运动员在起跑线上晚了一步，我们唯一能做的，就是以比别人更大的步伐、更快的速度来追赶。&rdquo;中国载人航天工程首任总设计师王永志说。</p>\r\n                <p>　　迎接挑战，航天人&ldquo;跑&rdquo;了起来。</p>\r\n                <p>　　他们与时间搏斗：1个月完成3个月的工作，解决火箭整流罩超重问题；总装火箭发动机一般需要24天,他们只用18天就可出色完成；立项比大部队晚了两年，新型微波雷达却同时完成研制，在天宫一号和神舟九号自动交会对接中大显身手&hellip;&hellip;</p>\r\n                <p>　　他们与自己较劲：神舟六号飞船要用的导线上被发现原因不明的压痕,即使用放大镜才能看出来，但他们仍将库存里30公里长的导线全部筛查一遍；为了把被称为&ldquo;太空穿针&rdquo;的手控交会对接技术的误差控制在毫米级，他们进行了3年、1500次手控交会地面模拟训练&hellip;&hellip;</p>\r\n                <p>　　这种特别能战斗的精神，在今年的新冠肺炎疫情防控中也能看到。为了研发疫苗和药物，广大科技工作者与病毒赛跑、与时间赛跑。他们沉浸在实验室里，每一次试验不一定都有想要的结果，但一定都有战斗的汗水。如果失败，那就抓紧时间再来一次。</p>\r\n                <p>　　&ldquo;过去我们是&lsquo;串联&rsquo;的工作方式，比如一个试验结束，看看结果后再进行第二个试验。现在我们变成&lsquo;并联&rsquo;的方式，很多试验在同步推进，争取疫苗早日上市。&rdquo;中国科学院微生物研究所研究员严景华疫情期间曾向媒体介绍，团队拿到新冠病毒的基因后，马上开始疫苗研发。此后，工作时间&ldquo;不是以天来计算，而是以小时在往前推&rdquo;。</p>\r\n                <p>　　无惧挑战和挫折，在攀登科技高峰的路上勇往直前，这就是新时代科技工作者必须拥有的品质。这种特别能战斗的精神，使他们更坚韧，迈出的步伐更沉稳、更踏实。</p>\r\n                <p style=\"text-align: center;\" align=\"center\">\r\n                    <h2 style=\"text-align: center;\">3.不重复别人的老路，突破核心和关键技术</h2 style=\"text-align: center;\">\r\n                </p>\r\n                <p>　　攻关、攻关、再攻关。</p>\r\n                <p>　　今年7月，北斗三号全球卫星导航系统正式开通，但不懈攻关、创新不止的科技工作者们并不满足。&ldquo;北斗三号虽然有些性能指标是全球最佳，但要看到国外导航系统也即将更新到下一代，随时会实现反超。科技竞争时不我待，科技报国尚须加倍努力。&rdquo;中国航天科技集团五院北斗三号卫星总指挥迟军说。</p>\r\n                <p>　　&ldquo;实践一再告诉我们，关键核心技术要不来、买不来、讨不来。&rdquo;迟军的这番话，自信又硬气。正是因为一次又一次的科技攻关和自主创新，北斗系统才能从无到有、从弱到强、从并跑到领跑。</p>\r\n                <p>　　从北斗团队身上，我们看到了特别能攻关的载人航天精神。载人航天是当今世界高新科技中最具挑战性的领域之一，是难度大、规模大、系统复杂、可靠性和安全性要求极强的工程。崇高使命激发了中国航天人特别能攻关的精神，这是中国航天人探索创新的写照。</p>\r\n                <p>　　&ldquo;我们不想重复国外的老路。&rdquo;戚发轫说。当时，尽管我国已掌握大推力火箭和返回式卫星等基础技术，但对于载人航天这个航天领域的最高难题，却几乎从零开始。即便如此，中国航天人还是大胆提出了设计制造一步跨越国外近40年发展历程的飞船设想。</p>\r\n                <p>　　从飞船设计、火箭改进、轨道控制、空间应用到测控通信、航天员训练、发射场和着陆场等方案的论证设计，我国载人航天工程都瞄准世界先进技术，确保工程一起步就有强劲的后发优势，关键技术就能与世界先进水平并驾齐驱，局部还有所超越。这样的发展模式被国外评价为&ldquo;非常典型的中国式太空计划。每次迈进一大步，很少重复&rdquo;。</p>\r\n                <p>　　飞天的征程中，充满了不断突破创新的魄力，充满了勇气和智慧。这种特别能攻关的精神，在新时代的科技工作者身上，得到传承和弘扬。</p>\r\n                <p>　　量子计算机研制成功、C919首飞成功、复兴号高铁投入运营、港珠澳大桥正式通车，磁约束核聚变、散裂中子源等设施建设取得突破，量子信息、铁基超导、干细胞、合成生物学等方面取得一批重大原创成果&hellip;&hellip;近年来，我国着力加强基础研究和关键核心技术攻关，一大批全球领先的科技成果不断涌现。</p>\r\n                <p>　　&ldquo;当前，面对国内外环境的新变化，我们要落实新发展理念、推动高质量发展、构建新发展格局，比任何时候都更加需要科技创新解决方案，都更加需要创新这个第一动力。&rdquo;科技部党组书记、部长王志刚表示，要激发调动广大科技人员和创新主体的积极性、创造性，加快走出一条从人才强、科技强到产业强、经济强、国家强的创新发展新路径，加快跻身创新型国家前列和建设世界科技强国的步伐。</p>\r\n                <p style=\"text-align: center;\" align=\"center\">\r\n                    <h2 style=\"text-align: center;\">4.燃烧青春，做国家和人民需要的研究</h2 style=\"text-align: center;\">\r\n                </p>\r\n                <p>　　&ldquo;我们有幸成了人们的踩路石，不管春露秋霜，无论冬来夏往，石子铺就的小道或大道，任由人们踩踏。因为石子的承受，才有了人走的路，相伴着人生辉煌&hellip;&hellip;&rdquo;一位航天人如此深情地写道。</p>\r\n                <p>　　11月24日，嫦娥五号探测器成功发射，开启我国首次地外天体采样返回之旅。一年前，嫦娥四号在世界上实现首登月背。我们的&ldquo;玉兔&rdquo;一步又一步地迈着努力的步伐，带着我们的&ldquo;眼睛&rdquo;探寻月球。截至10月24日，嫦娥四号着陆器和&ldquo;玉兔二号&rdquo;月球车已在月球背面累计行驶565.9米。565.9米看似不长，但每一步都是千千万万科技工作者的担当和奉献。</p>\r\n                <p>　　嫦娥四号落月后，一张照片在网上广为流传：48岁的嫦娥四号探测器项目执行总监张熇因激动而难以自已，74岁的嫦娥一号卫星总设计师叶培建紧紧握住她的手。这次握手，是使命的传递，是青春的接力。还有更年轻的一代，正在燃烧他们的青春，比如，34岁的嫦娥四号&ldquo;鹊桥&rdquo;中继星星务分系统主管设计师侯文才，和同事们完成了&ldquo;鹊桥&rdquo;的方案设计、生产、测试等工作。在测控对接任务中，他们在白雪覆盖的北方林海留下脚印，在黄沙遍地的西部戈壁洒下汗水。29岁的嫦娥四号着陆器测试指挥岗齐天乐，举行完婚礼的第二天，就坐早班机去了西昌卫星发射中心，投入嫦娥四号着陆器的测试工作。</p>\r\n                <p>　　特别的精神，照亮了特别的青春。接过老一辈科学家的接力棒，新一代的年轻人快速奔跑。如今，在许多科技领域，80后、90后已经挑起大梁。</p>\r\n                <p>　　今天，中国的科技工作者面临着比过去更加艰巨的任务。&ldquo;我们是解决了&lsquo;人家有我们也要有&rsquo;的问题，现在你们要解决的是&lsquo;人家没有我们有&rsquo;&lsquo;人家有我们要做得更好&rsquo;的问题。&rdquo;戚发轫说。</p>\r\n                <p>　　新一轮科技革命和产业变革正在进行，如何抓住机遇，实现党的十九届五中全会提出的科技自立自强与&ldquo;四个面向&rdquo;？今年刚获得陈嘉庚青年科学奖的80后科技工作者、南京大学地球科学与工程学院教授唐朝生的回答铿锵有力：&ldquo;&lsquo;四个面向&rsquo;为我国科技工作者清晰地指明了道路和发展方向，那就是要做前沿的研究，要做有价值的研究，要做国家和人民有需要的研究！&rdquo;</p>\r\n                <p>　　使命艰巨，但也光荣，载人航天精神将激励年轻一代奋勇前行。</p>\r\n                <p>　　&ldquo;人生因奋斗而精彩，青春因梦想而美丽，梦想就像一朵朵浪花，汇成了中国梦这条奔涌的长河，愿年轻的朋友们敢于追梦、勤于圆梦，书写出属于自己的青春华章。&rdquo;航天员刘洋的这番感悟和希冀，送给每一个正青春的中国人。</p>\r\n            </div>\r\n        </div>\r\n        <!--repaste.body.end-->\r\n    </div>', '2023-4-23');
INSERT INTO `news` VALUES (44, '航天精神', '矢志不渝，逐梦星辰大海——载人航天精神述评矢志不渝，逐梦星辰大海——载人航天精神述评', 'null', '<div id=\"font_area\" class=\"font_area_mid\"><!--正文页内容-->\r\n    <!--repaste.body.begin--><div class=\"con\"><div class=\"word\"><p style=\"text-align: center;\"><img src=\"http://p1.img.cctvpic.com/photoworkspace/contentimg/2021/09/16/2021091610305682323.jpg\" alt=\"\" width=\"400\" /></p>\r\n<p class=\"photo_title\" style=\"text-align: center;\">《出征》（油画）。李罗</p>\r\n<p style=\"text-align: center;\"><img src=\"http://p4.img.cctvpic.com/photoworkspace/contentimg/2021/09/16/2021091610305746649.jpg\" alt=\"\" width=\"400\" /></p>\r\n<p class=\"photo_title\" style=\"text-align: center;\">航天员刘伯明在进行神舟十二号飞行程序训练。新华社发</p>\r\n<p style=\"text-align: center;\"><img src=\"http://p2.img.cctvpic.com/photoworkspace/contentimg/2021/09/16/2021091610305765074.jpg\" alt=\"\" width=\"400\" /></p>\r\n<p>　　搭载神舟十二号载人飞船的长征二号F遥十二运载火箭，在酒泉卫星发射中心准时点火发射。新华社发</p>\r\n<p>　　<strong>回望来路，我国载人航天工程的每一次突破都坚实有力：</strong></p>\r\n<p>　　<strong>第一次进入太空&mdash;&mdash;中国首位航天员杨利伟搭乘神舟五号载人飞船，将中华民族千年飞天梦想变为现实；</strong></p>\r\n<p>　　<strong>第一次出舱行走&mdash;&mdash;航天员翟志刚以自己的一小步，迈出了中华民族的一大步；</strong></p>\r\n<p>　　<strong>第一次中期驻留&mdash;&mdash;航天员景海鹏和陈冬叩开中国空间站时代的大门；</strong></p>\r\n<p>　　<strong>第一次进驻中国空间站&mdash;&mdash;航天员聂海胜、刘伯明和汤洪波住上了属于中国人的&ldquo;太空之家&rdquo;&hellip;&hellip;</strong></p>\r\n<p>　　<strong>自1992年中国载人航天工程立项实施以来，经过几代航天人的接续奋斗，我国航天事业走出了一条具有中国特色的发展之路，中国昂首屹立于世界航天大国之列。</strong></p>\r\n<p>　　<strong>2016年12月20日，习近平总书记在北京人民大会堂会见天宫二号和神舟十一号载人飞行任务航天员及参研参试人员代表时强调，我们注重传承优良传统，发扬特别能吃苦、特别能战斗、特别能攻关、特别能奉献的载人航天精神，彰显了坚定的中国特色社会主义道路自信、理论自信、制度自信、文化自信，为坚持和发展中国特色社会主义增添了强大精神力量。</strong></p>\r\n<p>　　<strong>伟大事业催生伟大精神，伟大精神推动伟大事业。载人航天事业是中华民族伟大复兴道路上的一座丰碑，它的实践经验和伟大精神闪烁着时代的光芒，激励我们沿着中国特色社会主义道路、朝着实现&ldquo;两个一百年&rdquo;奋斗目标笃定前行。</strong></p>\r\n<p>　　<strong>特别能吃苦</strong></p>\r\n<p>　　冬日的戈壁滩深处，一望无垠、寒风凛冽；夏日的荒漠，每一粒沙子都蒸腾着热气；深夜的研究室灯火通明，装配车间马达轰鸣&hellip;&hellip;特殊的试验要求和繁重的研制任务，使得艰苦的工作环境成为航天人的&ldquo;标配&rdquo;，夜以继日的工作成为航天人的常态。在&ldquo;死亡之海&rdquo;塔克拉玛干沙漠、&ldquo;魔鬼城&rdquo;罗布泊和海拔5000米以上的&ldquo;生命禁区&rdquo;，都印刻着他们的足迹；每一个深夜里，都有他们辛劳的身影。</p>\r\n<p>　　知道干航天苦，但航天人却甘愿吃苦。在荒凉、苦寒的荒漠上，他们不分白天黑夜地超负荷工作，默默承受着常人难以想象的困难和压力，终于在河西走廊上建起能够担负载人航天任务的东风航天城，并突破众多技术难关，研制开发出神舟系列飞船。</p>\r\n<p>　　1998年1月5日，由14名预备航天员组成的我国第一个航天员大队正式成立。等待他们的，是长达5年的艰苦训练。</p>\r\n<p>　　在基础理论学习阶段，航天员要学58门课程、3000多个学时。为了啃下这块&ldquo;硬骨头&rdquo;，杨利伟连续两年多几乎没在晚上12点钟之前睡过觉。为了解困，他特意准备了一个特大号的杯子，里面泡满浓茶，熬不住就喝两口。</p>\r\n<p>　　进行号称&ldquo;魔鬼训练&rdquo;的超重耐力训练时，离心机以每小时100千米的速度旋转，人坐在里面要承受8个大气压的压力，相当于8个人压在自己身上，整个过程令人头晕目眩、呼吸困难，面部肌肉都被拉扯变了形&hellip;&hellip;对于受训的航天员来说，每一分每一秒都是煎熬。</p>\r\n<p>　　训练时，航天员手边有一个红色的按钮，一旦感觉自己坚持不住了，只要按下这个按钮，训练马上就会终止。然而却没有一名航天员主动按下过这个按钮。多年以后，杨利伟在书中写道：&ldquo;当一件事儿坚持到快要坚持不下去的时候，实际上就接近成功了。&rdquo;</p>\r\n<p>　　&ldquo;特别能吃苦&rdquo;的载人航天精神，不单指忍受物质条件的艰苦，更包括克服身体的辛苦、战胜意志的困苦。可以说，是面对困难百折不挠的韧性和毅力，成就了一代又一代航天人。</p>\r\n<p>　　<strong>特别能战斗</strong></p>\r\n<p>　　在华宏所著的《航天精神》一书中，有几个情景令人难忘&mdash;&mdash;</p>\r\n<p>　　&ldquo;第一颗卫星发射的时刻，动用了全国60％的通信线路，仅守卫通信线路的群众就达60万人。在以酒泉卫星发射中心为中心、遍及全国的卫星测控网上，每一根电线杆下都站着一个值勤的民兵。&rdquo;</p>\r\n<p>　　&ldquo;按照载人航天工程首次飞行试验计划，飞船着陆场设在内蒙古自治区中部草原上。通向飞船着陆场仅有一条泥泞小道。自治区领导知道这个情况后，立即调集人力、物力进行抢修。修&lsquo;通天路&rsquo;的消息在草原不胫而走，牧民们纷纷带上工具，自发地加入修路大军中。一条长60公里的简易公路，仅用一个月就修通了&hellip;&hellip;&rdquo;</p>\r\n<p>　　载人航天事业是千人一枚箭、万人一杆枪的事业。广大航天人不畏艰险、顽强拼搏，展现了义无反顾的战斗精神。</p>\r\n<p>　　不因遇到挫折而气馁，不因取得成功而懈怠。在这个极具挑战的领域，科研人员一次次向艰难险阻发起冲锋&mdash;&mdash;</p>\r\n<p>　　2000年12月，神舟二号发射的前10天，火箭意外被撞。年过六旬的总指挥黄春平、总设计师刘竹生亲自爬上11层平台，一层一层仔细查看。4天之后，一份长达50余页的报告《碰撞后火箭受损结果分析及处理措施》有理有据地给出了&ldquo;可以正常发射&rdquo;的结论。2001年1月10日，火箭把神舟二号飞船成功地送上太空。</p>\r\n<p>　　神舟三号飞船发射之后，专家发现有一个不安全因素可能造成空中&ldquo;追尾&rdquo;事故，直接危及飞船与航天员的安全。为此，飞船研制团队立即组织科技人员修改飞行程序和软件，并进行多次仿真和试验，直至完全排除&ldquo;追尾&rdquo;隐患。</p>\r\n<p>　　实践证明，&ldquo;特别能战斗&rdquo;的载人航天精神，是航天人通过高风险挑战历练而成。如今，神舟系列载人飞船多次成功往返，长征二号F火箭的发射成功率位居世界先进行列，中国人的航天梦想不断向深空延展&hellip;&hellip;一次次堪称完美的表现背后，是每一名航天人不懈战斗的姿态。</p>\r\n<p>　　<strong>特别能攻关</strong></p>\r\n<p>　　在铸造世界一流航天工程的过程中，中国航天人也展现出强烈的责任心和特殊的使命感。</p>\r\n<p>　　北京时间2021年6月17日18时48分，随着航天员聂海胜、刘伯明、汤洪波先后进入天和核心舱，中国人首次进入了属于自己的空间站。</p>\r\n<p>　　首次实施载人飞船自主快速交会对接；首次实施绕飞空间站并与空间站径向交会；首次实现长期在轨停靠，时间长达三个月；首次具备从不同高度轨道返回东风着陆场；首次具备天地结合多重保证的应急救援能力&hellip;&hellip;神舟十二号创造的多个&ldquo;首次&rdquo;，对于中国航天而言就是一座座辉煌的里程碑。</p>\r\n<p>　　在2016年首个&ldquo;中国航天日&rdquo;到来之际，习近平总书记作出重要指示，向60年来为航天事业发展作出贡献的同志们表示崇高敬意，强调广大航天科技工作者要牢牢抓住战略机遇，坚持创新驱动发展，勇攀科技高峰，谱写中国航天事业新篇章，为服务国家发展大局和增进人类福祉作出更大贡献。</p>\r\n<p>　　我国的载人航天工程起步时，明确提出，要坚持做到&ldquo;起步晚、起点高，投入少、效益高，项目少、水平高&rdquo;，走跨越式发展的道路。如今，尽管我国已经掌握了大推力火箭和返回式卫星等基础技术，但对于载人航天这个航天领域的最高难题，却几乎是从零开始。即使如此，中国航天人还是大胆地提出了设计制造一步跨越国外近40年发展历程的飞船设想。&ldquo;我们不想重复国外的老路，为的是奋力追赶拉大的差距。&rdquo;在临退休前又被任命为神舟飞船系统总设计师的戚发轫说。</p>\r\n<p>　　面对一系列全新领域和尖端课题，戚发轫他们组织航天人才，日夜兼程搞科研攻关，获得一大批具有自主知识产权的核心技术，使我国在一些重要技术领域达到世界先进水平。</p>\r\n<p>　　在中国载人航天工程的发展过程中，成千上万名航天人扎根在平凡的岗位上，默默助力中国载人航天事业取得跨越式发展。</p>\r\n<p>　　2017年7月2日，中国文昌卫星发射中心。点火指令下达，长征五号火箭腾起的巨大尾焰照亮夜空。几分钟后，一级飞行曲线突然下降，指控大厅的气氛瞬间凝固了。问题出在哪里？研制团队开始探索。</p>\r\n<p>　　为了从上万条数据线索中找到问题原因，研制团队尝试了无数个方法，仅复飞计划就按下过两次&ldquo;暂停键&rdquo;。最终，研制团队仅用了28天就拿到原本需要半年生产周期的试验产品；又经过3个多月的艰苦奋战，2020年5月5日，长征五号B火箭首飞成功。</p>\r\n<p>　　事实证明，&ldquo;特别能攻关&rdquo;的载人航天精神，孕育在中国航天工程建设的历史进程中，更发展于中国航天事业的伟大实践中。</p>\r\n<p>　　<strong>特别能奉献</strong></p>\r\n<p>　　载人航天是航天人怀着&ldquo;铺路石&rdquo;的初心，用生命不断探索的神圣事业。</p>\r\n<p>　　中国载人航天工程的成功圆梦，源于中国共产党作出实施&ldquo;两弹一星&rdquo;工程和载人航天工程的伟大决策，更来自几代航天人一张蓝图绘到底、一棒接着一棒奉献的韧劲。</p>\r\n<p>　　&ldquo;死在戈壁滩，埋在青山头。&rdquo;由于工作的特殊性，航天人往往需要在条件艰苦的地方工作，而且具有一定的危险性。在酒泉卫星发射中心东风革命烈士陵园，长眠着700余位为祖国航天事业牺牲的烈士。没有奉献精神，我国的载人航天事业不可能取得今天的辉煌成就。</p>\r\n<p>　　&ldquo;两弹一星&rdquo;功勋奖章获得者屠守锷说过：&ldquo;我们那一代人都是这样，并不计较个人得失，不是为某个人的目标，而是心甘情愿默默无闻地干自己的工作。&rdquo;</p>\r\n<p>　　&ldquo;我们白天做晚上做，星期天星期六也做，过年过节也做。&rdquo;回望过去的艰苦岁月，神舟飞船首任总设计师戚发轫这样说。轻描淡写的背后，却凝聚着众多科研人员的满腔热忱和无私奉献！</p>\r\n<p>　　载人航天，人命关天。航天员是载人航天的先锋，从接受这份神圣使命的那一刻起，他们就注定要时刻与风险和考验为伴。除了付出时间和精力，还要随时准备奉献出宝贵的生命。</p>\r\n<p>　　2003年2月1日，正值中国航天员大队选拔首飞梯队的关键时刻，美国&ldquo;哥伦比亚&rdquo;号航天飞机在重返地面过程中突然解体，7名宇航员全部罹难。就在大家担心这会对中国航天产生负面影响之际，此次参训的14名备选航天员递交了请战书：&ldquo;再大的风险也动摇不了我们征服太空的决心。&rdquo;</p>\r\n<p>　　2008年9月25日，翟志刚、刘伯明、景海鹏搭乘神舟七号飞船成功飞天。9月27日，翟志刚打开飞船舱门，在太空迈出中国人的第一步。突然，轨道舱里响起急促的警报：&ldquo;轨道舱火灾！&rdquo;</p>\r\n<p>　　在地面飞控大厅，工作人员听到航天员们的如下对话&mdash;&mdash;</p>\r\n<p>　　刘伯明：&ldquo;坚持，反正任务我们继续。&rdquo;</p>\r\n<p>　　翟志刚：&ldquo;明白。&rdquo;</p>\r\n<p>　　刘伯明：&ldquo;着火我们也来不及了，不管了。&rdquo;</p>\r\n<p>　　翟志刚：&ldquo;成！&rdquo;</p>\r\n<p>　　后经确认，这是一次有惊无险的误报。返回后，3名航天员道出当时的想法：&ldquo;如果回不来了，就把这舞动国旗的画面，作为我们的永别吧！&rdquo;</p>\r\n<p>　　在航天人心中，祖国的分量最重、人民的利益最大。为了报效祖国、成就航天事业，他们将&ldquo;特别能奉献&rdquo;的载人航天精神深深镌刻进理想信念中。</p>\r\n<p>　　党的十八大以来，在以习近平同志为核心的党中央坚强领导下，我国航天事业不断取得新发展。按计划，2021年到2022年，中国载人航天将完成11次发射、3次舱段、4次货运、4次载人，到2022年将完成空间站在轨建造。</p>\r\n<p>　　实践证明，只要我们矢志不渝地自主创新、勇攀高峰，就一定能逐梦更远的星辰大海，不断标注中国航天发展的新高度。蓝图已经绘制，梦想已经起航。深厚博大的载人航天精神和快速发展的航天事业，必将激发全民族探索和创新的热情，鼓舞全国人民奋发图强、勇敢前进。</p>\r\n<p style=\"text-align: center;\"><a href=\"https:http://www.12371.cn/special/zgjs/\" target=\"_blank\"><img src=\"http://p2.img.cctvpic.com/photoworkspace/contentimg/2021/09/16/2021091610480289796.jpg\" alt=\"中国精神学习专栏\" /></a></p>\r\n<p class=\"photo_title\" style=\"text-align: center;\"><a href=\"https:http://www.12371.cn/special/zgjs/\" target=\"_blank\">中国精神学习专栏</a></p></div></div><!--repaste.body.end-->\r\n</div>\r\n<div class=\"vspace\"></div>', '2023-5-23');
INSERT INTO `news` VALUES (45, '航天精神', '人民日报评论员：弘扬载人航天精神 自立自强创新超越——论中国共产党人的精神谱系之十八', 'null', '<div id=\"font_area\" class=\"font_area_mid\"><!--正文页内容-->\r\n										<!--repaste.body.begin--><div class=\"con\"><div class=\"word\"><p>　　&ldquo;建造空间站、建成国家太空实验室，是实现我国载人航天工程&lsquo;三步走&rsquo;战略的重要目标，是建设科技强国、航天强国的重要引领性工程。&rdquo;2021年4月29日，习近平总书记在致载人航天工程空间站阶段飞行任务总指挥部并参加天和核心舱发射任务的各参研参试单位和全体同志的贺电中指出：&ldquo;希望你们大力弘扬&lsquo;两弹一星&rsquo;精神和载人航天精神，自立自强、创新超越，夺取空间站建造任务全面胜利，为全面建设社会主义现代化国家作出新的更大的贡献！&rdquo;</p>\r\n<p>　　载人航天是当今世界高新技术发展水平的集中展示，是衡量一个国家综合国力的重要标志。上世纪90年代初，面对世界科技进步突飞猛进、综合国力竞争日趋激烈的新形势，党中央高瞻远瞩、审时度势，对我国尖端科技事业的发展进行了全面部署，作出实施载人航天工程的重大战略决策。几十年来，航天人艰苦创业、奋力攻关，取得了连战连捷的辉煌战绩，使我国空间技术发展跨入了国际先进行列。从2003年10月中国第一艘载人飞船神舟五号成功发射，到实现我国太空出舱、交会对接、在轨补加等多项核心技术&ldquo;零&rdquo;的突破，再到天和核心舱发射成功、标志我国空间站建造进入全面实施阶段&hellip;&hellip;载人航天事业的巨大成就，极大激发了全社会创新创造活力，充分展示了伟大的中国道路、中国精神、中国力量，坚定了全国各族人民实现中华民族伟大复兴中国梦的决心和信心。</p>\r\n<p>　　人类在浩瀚的宇宙面前是渺小的，但人类的探索精神是伟大的。实施载人航天工程以来，广大航天人牢记使命、不负重托，培育铸就了特别能吃苦、特别能战斗、特别能攻关、特别能奉献的载人航天精神。主要表现为：热爱祖国、为国争光的坚定信念，广大航天人始终以发展航天事业为崇高使命，以报效祖国为神圣职责，表现出了强烈的爱国情怀和对党对人民的无限忠诚；勇于登攀、敢于超越的进取意识，广大航天人知难而进、勇于创新，攻克了一系列国际宇航界公认的尖端课题，形成了一套符合我国载人航天工程要求的科学管理理论和方法，创造了对大型工程建设进行现代化管理的宝贵经验；科学求实、严肃认真的工作作风，广大航天人始终坚持把确保成功作为最高原则，坚持把质量建设作为生命工程，以提高工程安全性和可靠性为中心，依靠科学、尊重规律，精心组织、精心指挥、精心实施，创造了一流的工作业绩；同舟共济、团结协作的大局观念，全国数千个单位、十几万科技大军自觉服从大局、保证大局，有困难共同克服，有难题共同解决，有风险共同承担，凝聚成一股气势磅礴的强大合力；淡泊名利、默默奉献的崇高品质，广大航天人不计个人得失，不求名利地位，以苦为乐，无怨无悔，用自己的青春、智慧、热血和生命铺就了通往太空的成功之路。习近平总书记在会见神舟十号载人飞行任务航天员和参研参试人员代表时指出：&ldquo;我们培养造就了一支特别能吃苦、特别能战斗、特别能攻关、特别能奉献的高素质人才队伍，培育铸就了伟大的载人航天精神。广大航天人展现出了坚定的理想信念、高昂的爱国热情、强烈的责任担当、良好的精神风貌，你们不愧是思想过硬、技术过硬、作风过硬的英雄团队。&rdquo;载人航天精神，是&ldquo;两弹一星&rdquo;精神在新时期的发扬光大，是我们伟大民族精神的生动体现，彰显了坚定的中国特色社会主义道路自信、理论自信、制度自信、文化自信，为坚持和发展中国特色社会主义增添了强大精神力量。</p>\r\n<p>　　党的十九大确立了到2035年跻身创新型国家前列的战略目标，党的十九届五中全会提出了坚持创新在我国现代化建设全局中的核心地位，把科技自立自强作为国家发展的战略支撑。立足新发展阶段、贯彻新发展理念、构建新发展格局、推动高质量发展，必须深入实施科教兴国战略、人才强国战略、创新驱动发展战略，完善国家创新体系，加快建设科技强国，实现高水平科技自立自强。大力弘扬载人航天精神，我国广大科技工作者要以与时俱进的精神、革故鼎新的勇气、坚忍不拔的定力，面向世界科技前沿、面向经济主战场、面向国家重大需求、面向人民生命健康，把握大势、抢占先机，直面问题、迎难而上，肩负起时代赋予的重任；广大航天人要以坚定的理想信念、高昂的爱国热情、强烈的责任担当、良好的精神风貌，在航天事业发展的征程上勇攀高峰、不断前行，为建设航天强国和科技强国建功立业。</p>\r\n<p>　　星空浩瀚无比，探索永无止境。2021年6月17日，神舟十二号载人飞船在酒泉卫星发射中心发射升空，三名航天员聂海胜、刘伯明、汤洪波顺利进驻天和核心舱，标志着中国人首次进入自己的空间站。9月17日，神舟十二号载人飞船返回舱在东风着陆场成功着陆，三名航天员安全顺利出舱，空间站阶段首次载人飞行任务取得圆满成功。新的征程上，在以习近平同志为核心的党中央坚强领导下，大力弘扬载人航天精神，锐意进取、攻坚克难，团结协作、拼搏奉献，我们就一定能不断开创载人航天事业发展新局面，使中国人探索太空的脚步迈得更大更远，为实现中华民族伟大复兴的中国梦作出新的更大贡献。</p>', '2023-5-23');
INSERT INTO `news` VALUES (46, '航天精神', '新中国成就档案：载人航天工程', 'null', '<div id=\"font_area\" class=\"font_area_mid\"><!--正文页内容-->\r\n										<!--repaste.body.begin--><div class=\"con\"><div class=\"word\"><p>　　1992年9月21日，中央正式批复载人航天工程可行性论证报告，中国载人航天工程正式立项，代号为&ldquo;921工程&rdquo;。1995年10月中国组成首批航天员队伍。1997年底由首批航天员成立世界上第三支航天员大队。1999年11月，&ldquo;神舟一号&rdquo;飞船发射成功，经过21小时的飞行后顺利返回地面。2001年1月，&ldquo;神舟二号&rdquo;飞船发射试验成功。2002年3月，&ldquo;神舟三号&rdquo;飞船又发射试验成功，提高了载人航天的安全性和可靠性。2002年12月至2003年1月，&ldquo;神舟四号&rdquo;发射成功并圆满完成试验，突破了中国低温发射历史纪录。2003年10月，中国第一艘载人飞船&ldquo;神舟五号&rdquo;成功发射，杨利伟成为中国首位航天员，中国成为继俄罗斯和美国之后世界上第三个能够独立开展载人航天活动的国家。2005年10月，中国第二艘载人飞船&ldquo;神舟六号&rdquo;成功发射，航天员费俊龙、聂海胜被顺利送上太空，完成了中国真正意义上有人参与的空间科学实验。2008年9月，中国第三艘载人飞船&ldquo;神舟七号&rdquo;成功发射，航天员有翟志刚、刘伯明、景海鹏。航天员出舱在太空行走，中国成为世界上第三个掌握空间出舱活动技术的国家。2011年11月，&ldquo;神舟八号&rdquo;发射升空，与&ldquo;天宫一号&rdquo;完成空间交会对接。2012年6月，&ldquo;神舟九号&rdquo;发射成功，航天员是刘旺、景海鹏、刘洋，完成中国首次载人交会对接任务。2013年6月，&ldquo;神舟十号&rdquo;飞船载着航天员聂海胜、张晓光、王亚平顺利升空，并成功进行一系列试验，其中首次成功实施航天器绕飞交会试验。在载人航天工程实施过程中，中国航天人铸就了&ldquo;特别能吃苦、特别能战斗、特别能攻关、特别能奉献&rdquo;的载人航天精神。</p></div></div><!--repaste.body.end-->\r\n									</div>\r\n									<div class=\"vspace\"></div>', '2023-4-23');
INSERT INTO `news` VALUES (47, 'undefined', '新中国峥嵘岁月', 'null', '<!--正文页内容-->\n										<!--repaste.body.begin--><div class=\"con\"><div class=\"word\"><p>　　2005年10月12日，搭载航天员费俊龙、聂海胜的神舟六号载人飞船顺利升空。</p>\n<p>　　我国载人航天事业，是在改革开放伟大历史进程中决策实施和不断推进的。1986年，发展载人航天事业被明确纳入“863计划”。20世纪90年代，党中央作出了实施载人航天工程的重大战略决策。</p>\n<p>　　自1992年载人航天工程实施以来，我国的载人航天事业不断取得历史性的突破。1999年11月20日凌晨，长征火箭托举着我国自行研制的神舟一号无人试验飞船首次访问太空。神舟一号试验飞船的成功发射与回收，标志着我国载人航天技术获得了重大突破。随后几年，中国的载人航天事业进展迅速，捷报频传。2003年10月15日，搭载着航天员杨利伟的我国第一艘载人飞船神舟五号成功发射，中国由此成为继俄罗斯和美国之后世界上第三个能够独立开展载人航天活动的国家。</p>\n<p>　　仅仅过了两年，我国载人航天事业又有新跨越，2005年10月，我国实现了从神舟五号“一人一天”航天飞行到神舟六号“多人多天”航天飞行。费俊龙、聂海胜115个小时的航程不仅实现了太空飞行技术的突破，而且完成了中国第一次有人参与的空间科学实验。这是我国载人航天工程“三步走”战略进入第二步的重要开局，也标志着我国在发展载人航天技术方面取得了又一个具有里程碑意义的重大胜利。</p>\n<p>　　继神舟六号之后，中国载人航天工程不断迈出新步伐。</p></div></div><!--repaste.body.end-->\n									</div>\n									<div class=\"vspace\"></div>\"  class=\"layui-textarea\" style=\"width:100%;height:400px\">', 'undefined');
INSERT INTO `news` VALUES (50, '1', '1', '1', '1', '');

-- ----------------------------
-- Table structure for reguser
-- ----------------------------
DROP TABLE IF EXISTS `reguser`;
CREATE TABLE `reguser`  (
  `id` int(11) NOT NULL AUTO_INCREMENT,
  `username` varchar(255) CHARACTER SET utf8 COLLATE utf8_general_ci NOT NULL,
  `email` varchar(255) CHARACTER SET utf8 COLLATE utf8_general_ci NOT NULL,
  `password` varchar(255) CHARACTER SET utf8 COLLATE utf8_general_ci NULL DEFAULT NULL,
  `code` int(11) NOT NULL,
  `created_time` varchar(255) CHARACTER SET utf8 COLLATE utf8_general_ci NULL DEFAULT NULL,
  PRIMARY KEY (`id`) USING BTREE
) ENGINE = InnoDB AUTO_INCREMENT = 1 CHARACTER SET = utf8 COLLATE = utf8_general_ci COMMENT = '比对验证码' ROW_FORMAT = Dynamic;

-- ----------------------------
-- Table structure for user
-- ----------------------------
DROP TABLE IF EXISTS `user`;
CREATE TABLE `user`  (
  `id` bigint(20) NOT NULL AUTO_INCREMENT,
  `username` varchar(30) CHARACTER SET utf8 COLLATE utf8_general_ci NOT NULL,
  `password` varchar(128) CHARACTER SET utf8 COLLATE utf8_general_ci NOT NULL,
  `email` varchar(255) CHARACTER SET utf8 COLLATE utf8_general_ci NULL DEFAULT NULL,
  `qq` varchar(255) CHARACTER SET utf8 COLLATE utf8_general_ci NULL DEFAULT NULL,
  `phone` varchar(255) CHARACTER SET utf8 COLLATE utf8_general_ci NULL DEFAULT NULL,
  `content` varchar(255) CHARACTER SET utf8 COLLATE utf8_general_ci NULL DEFAULT NULL,
  PRIMARY KEY (`id`) USING BTREE
) ENGINE = MyISAM AUTO_INCREMENT = 14 CHARACTER SET = utf8 COLLATE = utf8_general_ci ROW_FORMAT = Dynamic;

-- ----------------------------
-- Records of user
-- ----------------------------
INSERT INTO `user` VALUES (1, '曙光', '123456', NULL, '1111', '1111', '2222');
INSERT INTO `user` VALUES (9, '111', '1234', '12@qq.com', NULL, NULL, NULL);
INSERT INTO `user` VALUES (2, '张增煊', '2', '', NULL, '', '');
INSERT INTO `user` VALUES (3, '666', 'Aa123456', NULL, '1111', '', '');
INSERT INTO `user` VALUES (6, '666', '1234567', '2460652000@qq.com', '666', '666', '张增煊最帅');
INSERT INTO `user` VALUES (8, '123', '123456', '127@qq.com', NULL, NULL, NULL);
INSERT INTO `user` VALUES (7, '123445,123321', '434324,112233', '123434,1234@qq.cn', NULL, NULL, NULL);
INSERT INTO `user` VALUES (10, '1245@qq.com', '1234', '1245@qq.com', NULL, NULL, NULL);
INSERT INTO `user` VALUES (11, '4234', '45345354', '4324@qq.com', NULL, NULL, NULL);
INSERT INTO `user` VALUES (12, '435435', '4324', '111@qq.cn', NULL, NULL, NULL);
INSERT INTO `user` VALUES (13, '32323', '434343', '111222@qq.com', NULL, NULL, NULL);

-- ----------------------------
-- Table structure for videos
-- ----------------------------
DROP TABLE IF EXISTS `videos`;
CREATE TABLE `videos`  (
  `id` int(11) NOT NULL AUTO_INCREMENT,
  `title` varchar(255) CHARACTER SET utf8 COLLATE utf8_general_ci NOT NULL,
  `cover_img` text CHARACTER SET utf8 COLLATE utf8_general_ci NOT NULL,
  `text` varchar(255) CHARACTER SET utf8 COLLATE utf8_general_ci NOT NULL,
  `video_url` varchar(255) CHARACTER SET utf8 COLLATE utf8_general_ci NOT NULL,
  PRIMARY KEY (`id`) USING BTREE
) ENGINE = InnoDB AUTO_INCREMENT = 16 CHARACTER SET = utf8 COLLATE = utf8_general_ci ROW_FORMAT = Dynamic;

-- ----------------------------
-- Records of videos
-- ----------------------------
INSERT INTO `videos` VALUES (1, '航天赤子的星月传奇：孙家栋先生', 'http://www.cnsa.gov.cn//n6758823/n6758844/n6760209/n6760212/c6809392/pic_6809392.jpg', '航天赤子的星月传奇：孙家栋先生', 'http://mov.bn.netease.com/open-movie/nos/mp4/2018/12/19/SE2FF6QRA_shd.mp4');
INSERT INTO `videos` VALUES (3, '航天员日常生活和训练', 'http://www.cnsa.gov.cn//n6758823/n6758844/n6760209/n6760212/c6809396/pic_6809396.jpg', '航天员日常生活和训练', 'http://mov.bn.netease.com/open-movie/nos/mp4/2016/06/13/SBOHBORSJ_shd.mp4');
INSERT INTO `videos` VALUES (4, '太空电梯：科学幻想还是未来希望？', 'http://www.cnsa.gov.cn//n6758823/n6758844/n6760209/n6760212/c6809392/pic_6809392.jpg', '太空电梯：科学幻想还是未来希望？', 'http://mov.bn.netease.com/open-movie/nos/mp4/2016/06/14/SBOJ93B3A_shd.mp4');
INSERT INTO `videos` VALUES (5, '天宫TV | 走！我带你去看这世界的山和海', 'http://www.cmse.gov.cn/dmt/tgtv/202304/W020230406358374791570.jpg', '天宫TV | 走！我带你去看这世界的山和海', 'http://www.cmse.gov.cn/masvod/public/2023/04/03/20230403_18745f73758_r1_1200k.mp4');
INSERT INTO `videos` VALUES (6, '天宫TV | 云海闪电 气象万千', 'http://www.cmse.gov.cn/dmt/tgtv/202304/W020230406358374791570.jpg', '天宫TV | 云海闪电 气象万千', 'http://www.cmse.gov.cn/masvod/public/2023/04/03/20230403_18745f12120_r1_1200k.mp4');
INSERT INTO `videos` VALUES (7, '天宫TV | “天宫”放心飞 天地保障永相随', 'http://www.cmse.gov.cn/dmt/tgtv/202304/W020230406358374791570.jpg', '天宫TV | “天宫”放心飞 天地保障永相随', 'http://www.cmse.gov.cn/masvod/public/2023/04/03/20230403_18745f6218a_r1_1200k.mp4');
INSERT INTO `videos` VALUES (8, '致敬了不起的她！那些遨游太空的身影', 'http://www.cmse.gov.cn/dmt/dhhsp/202304/W020230406361265827298.jpg', '致敬了不起的她！那些遨游太空的身影', 'http://www.cmse.gov.cn/masvod/public/2023/04/03/20230403_187460ae688_r1_1200k.mp4');
INSERT INTO `videos` VALUES (9, '天宫TV | 这份静谧与唯美 就是我们的地球家园', 'http://www.cmse.gov.cn/dmt/tgtv/202304/W020230406359106320647.jpg', '天宫TV | 这份静谧与唯美 就是我们的地球家园', 'http://www.cmse.gov.cn/masvod/public/2023/04/03/20230403_18745f992e8_r1_1200k.mp4');
INSERT INTO `videos` VALUES (10, '宇宙探测器到底会不会撞到天体？', 'http://www.cnsa.gov.cn//n6758823/n6758844/n6760209/n6760212/c6809395/pic_6809395.jpg', '宇宙探测器到底会不会撞到天体？', 'http://mov.bn.netease.com/open-movie/nos/mp4/2019/06/26/SEHM3REP9_shd.mp4');
INSERT INTO `videos` VALUES (11, '人造卫星用途广泛，在诸多方面都发挥着不可替代的作用', 'http://www.cnsa.gov.cn//n6758823/n6758844/n6760209/n6760212/c6809402/pic_6809402.jpg', '人造卫星用途广泛，在诸多方面都发挥着不可替代的作用', 'http://www.cnsa.gov.cn/video/1/1..mp4');
INSERT INTO `videos` VALUES (12, '“东方红一号”总体设计部的“18勇士”', 'http://www.cnsa.gov.cn//n6758823/n6758844/n6760209/n6760212/c6809403/pic_6809403.jpg', '“东方红一号”总体设计部的“18勇士”', 'http://www.cnsa.gov.cn/video/1/3..mp4');
INSERT INTO `videos` VALUES (15, '致命的太空垃圾', 'http://www.cnsa.gov.cn//n6758823/n6758844/n6760209/n6760212/c6809394/pic_6809394.jpg', '致命的太空垃圾', 'http://mov.bn.netease.com/open-movie/nos/mp4/2016/08/04/SBSN5NQSA_hd.mp4');

SET FOREIGN_KEY_CHECKS = 1;
